Date,Brent_t,Actual_Brent_t_plus_1,XGB_Log_Return,LSTM_Log_Return,Stack_Ridge_Log_Return,Stack_Linear_Log_Return,Simple_Avg_Log_Return,Actual_Log_Return,Stack_Ridge_Brent_t_plus_1
2022-07-01,111.62999725341797,102.76999512596967,0.0018345431,0.0012915655,0.002036632,0.003908436,0.0015630543,-0.082696356,111.85757925665712
2022-07-05,102.7699966430664,100.689998384707,-0.00023624758,0.0012918571,0.0020365953,0.002201243,0.0005278048,-0.020446936,102.97951561004993
2022-07-06,100.69000244140625,104.64999676769366,-0.00073701097,0.0012921531,0.0020365862,0.0017881538,0.0002775711,0.03857495,100.89528088828956
2022-07-07,104.6500015258789,107.01998758791433,-0.001034511,0.0012985929,0.002036581,0.0015357428,0.00013204094,0.022394238,104.86335329128451
2022-07-08,107.0199966430664,107.1000006674467,-0.00073701097,0.0012924006,0.0020365862,0.0017878774,0.00027769484,0.0007472617,107.238180158447
2022-07-11,107.0999984741211,99.48999584430521,-0.00073701097,0.0012947035,0.0020365862,0.0017853049,0.00027884624,-0.073705845,107.31834509061628
2022-07-12,99.48999786376953,99.56999445385827,-0.00073701097,0.0012928407,0.0020365862,0.0017873857,0.00027791486,0.0008037962,99.69282984059646
2022-07-13,99.56999969482422,99.09999641443301,-0.00073701097,0.0012970669,0.0020365862,0.0017826646,0.00028002798,-0.0047314856,99.77299477276574
2022-07-14,99.0999984741211,101.16000202106534,0.0013337798,0.0013372005,0.002036623,0.0034446972,0.0013354901,0.020574031,99.3020353524571
2022-07-15,101.16000366210938,106.2699983443963,0.0013337798,0.001368328,0.002036623,0.003409924,0.0013510538,0.049279537,101.36624030859821
2022-07-18,106.2699966430664,107.35000059054073,0.0021133018,0.0014003864,0.002036637,0.004016638,0.0017568441,0.010111516,106.48665112049457
2022-07-19,107.3499984741211,106.91999614551924,-0.00023624758,0.0014076311,0.0020365953,0.0020719084,0.00058569177,-0.004013636,107.56885476993375
2022-07-20,106.91999816894531,103.85999193425141,0.00037597664,0.0014256827,0.002036606,0.0025563736,0.0009008297,-0.02903703,107.13797781570975
2022-07-21,103.86000061035156,103.19999016373913,0.0011793013,0.0014185484,0.0020366204,0.0032264907,0.0012989249,-0.006375021,104.07174178724745
2022-07-22,103.19999694824219,105.15000089601017,-0.0004952736,0.0014147732,0.0020365906,0.0018504253,0.00045974978,0.018719094,103.41039256427393
2022-07-25,105.1500015258789,104.40000342830444,-0.00023624758,0.0014067304,0.0020365953,0.0020729145,0.0005852414,-0.007158227,105.36437264991946
2022-07-26,104.4000015258789,106.62000845339116,-0.00023624758,0.0013954485,0.0020365953,0.002085518,0.00057960046,0.021041447,104.61284361196704
2022-07-27,106.62000274658203,107.14001085428845,-0.00023624758,0.0014032765,0.0020365953,0.0020767732,0.00058351445,0.0048652478,106.837370787498
2022-07-28,107.13999938964844,110.01000143561942,-0.00023624758,0.0014029829,0.0020365953,0.0020771013,0.00058336766,0.026434906,107.35842755670092
2022-07-29,110.01000213623047,100.02999333194657,-0.00023624758,0.0014003987,0.0020365953,0.002079988,0.00058207556,-0.09510116,110.23428142744706
2022-08-01,100.02999877929688,100.53999793741605,-0.00023624758,0.0013822434,0.0020365953,0.0021002698,0.0005729979,0.0050855386,100.23393166531605
2022-08-02,100.54000091552734,96.78000191006458,-0.0004952736,0.001365357,0.0020365906,0.0019056296,0.00043504167,-0.03811532,100.74497355170934
2022-08-03,96.77999877929688,94.12000502245974,0.0018875262,0.0013566427,0.002036633,0.0038794081,0.0016220845,-0.027869755,96.97730583418888
2022-08-04,94.12000274658203,94.91999844501424,0.0021292635,0.0013736002,0.0020366372,0.0040597185,0.0017514318,0.0084638195,94.31188682162428
2022-08-05,94.91999816894531,96.65000134945512,0.0015900255,0.0014080404,0.0020366276,0.0035767725,0.001499033,0.01806181,95.11351320847098
2022-08-08,96.6500015258789,96.30999975859777,0.00037597664,0.0013891407,0.002036606,0.0025971956,0.0008825587,-0.0035240913,96.84704355312533
2022-08-09,96.30999755859375,97.39999662139599,-0.00023624758,0.0013751293,0.0020365953,0.0021082172,0.0005694409,0.011254096,96.50634641388024
2022-08-10,97.4000015258789,99.60000451673477,0.0018345431,0.0013592571,0.002036632,0.0038328157,0.0015969002,0.022335922,97.59857259107775
2022-08-11,99.5999984741211,98.15000216798126,-0.00023624758,0.0013334292,0.0020365953,0.0021548015,0.00054859085,-0.014665213,99.80305471109205
2022-08-12,98.1500015258789,95.09999600377569,-0.00023624758,0.0013359995,0.0020365953,0.0021519302,0.00054987596,-0.031567983,98.35010162903018
2022-08-15,95.0999984741211,92.3399913694243,-0.00023624758,0.0013190217,0.0020365953,0.0021708966,0.00054138707,-0.029451577,95.2938804833775
2022-08-16,92.33999633789062,93.64999985029499,-0.00023624758,0.001298359,0.0020365953,0.0021939797,0.00053105573,0.014087068,92.52825148312695
2022-08-17,93.6500015258789,96.58999430559106,-0.00073701097,0.0012923409,0.0020365862,0.001787944,0.00027766498,0.030910732,93.84092740131564
2022-08-18,96.58999633789062,96.72000570877208,-0.00073701097,0.0012936572,0.0020365862,0.0017864734,0.00027832313,0.0013450406,96.78691603152402
2022-08-19,96.72000122070312,96.48000588114155,-0.00023624758,0.0012772141,0.0020365953,0.002217601,0.0005204833,-0.002484451,96.91718595753628
2022-08-22,96.4800033569336,100.22000020642372,-0.00073701097,0.0012784067,0.0020365862,0.0018035104,0.00027069787,0.038032014,96.67669880597714
2022-08-23,100.22000122070312,101.2200020005912,-0.00073701097,0.0012611102,0.0020365862,0.0018228327,0.0002620496,0.009928596,100.42432146798092
2022-08-24,101.22000122070312,99.33998924372281,-0.00023624758,0.0012596239,0.0020365953,0.002237252,0.0005116882,-0.018748105,101.42636018525081
2022-08-25,99.33999633789062,100.99000076887023,-0.00023624758,0.0012536322,0.0020365953,0.0022439454,0.00050869235,0.016473208,99.54252250401623
2022-08-26,100.98999786376953,105.09000535636915,-0.0004952736,0.0012640331,0.0020365906,0.0020188214,0.00038437976,0.03979561,101.1958879165013
2022-08-29,105.08999633789062,99.3100019406811,-0.00023624758,0.001243483,0.0020365953,0.0022552833,0.00050361775,-0.056570843,105.30424512831814
2022-08-30,99.30999755859375,96.48999575454582,-0.00023624758,0.0012240446,0.0020365953,0.0022769985,0.0004938985,-0.028806893,99.51246256568993
2022-08-31,96.48999786376953,92.36000076377604,-0.0004952736,0.0012195428,0.0020365906,0.002068523,0.0003621346,-0.04374536,96.68671368878677
2022-09-01,92.36000061035156,93.01999424416863,-0.00073701097,0.0012124003,0.0020365864,0.001877248,0.00023769465,0.0071204966,92.54829653864363
2022-09-02,93.0199966430664,92.8300058707614,0.0019733603,0.001227209,0.0020366344,0.004094752,0.0016002846,-0.0020446046,93.20963811666843
2022-09-06,92.83000183105469,87.99999900648709,-0.001034511,0.0012171913,0.002036581,0.001626679,9.134016e-05,-0.053433068,93.01925595895227
2022-09-07,88.0,89.1500015258789,-0.0004952736,0.0012475257,0.0020365906,0.0020372625,0.00037612603,0.012983547,88.17940711975098
2022-09-08,89.1500015258789,92.83999995348495,-0.001034511,0.0012676767,0.002036581,0.0015702802,0.00011658284,0.04055718,89.3317531736011
2022-09-09,92.83999633789062,94.00000268652002,-0.00073701097,0.0012843045,0.0020365862,0.0017969217,0.0002736468,0.01241724,93.0292708417619
2022-09-12,94.0,93.17000138759613,-0.00023624758,0.0012835357,0.0020365953,0.0022105393,0.0005236441,-0.00886902,94.19163942337036
2022-09-13,93.16999816894531,94.09998682578589,-0.00023624758,0.0012522863,0.0020365953,0.002245449,0.00050801935,0.009932268,93.35994545324866
2022-09-14,94.0999984741211,90.83999740403215,-0.00023624758,0.0012160948,0.0020365953,0.0022858796,0.00048992364,-0.035258353,94.29184176610761
2022-09-15,90.83999633789062,91.34999757618061,0.0010312184,0.0012199036,0.0020366176,0.0033263443,0.0011255611,0.0055985893,91.0251934072221
2022-09-16,91.3499984741211,91.9999869714884,-0.00023624758,0.0012096213,0.0020365953,0.0022931113,0.00048668688,0.007090311,91.53623529361539
2022-09-19,92.0,90.62000679969788,-0.00023624758,0.0011993626,0.0020365953,0.0023045717,0.0004815575,-0.015113607,92.18756198883057
2022-09-20,90.62000274658203,89.83000332226084,-0.00023624758,0.0011646148,0.0020365953,0.0023433892,0.00046418363,-0.008755954,90.80475131117964
2022-09-21,89.83000183105469,90.45999775382552,-0.00023624758,0.0011632823,0.0020365953,0.002344878,0.00046351738,0.006988738,90.01313980714258
2022-09-22,90.45999908447266,86.15000253747894,0.002614065,0.0011770558,0.0020366458,0.004678886,0.0018955604,-0.048817772,90.64442144684108
2022-09-23,86.1500015258789,84.06000382476714,0.0023882897,0.001191534,0.0020366418,0.0044766148,0.0017899119,-0.02455918,86.32563702179141
2022-09-26,84.05999755859375,86.26999998588144,0.0009504455,0.0011898901,0.0020366162,0.0032932956,0.0010701678,0.025951074,84.231372127324
2022-09-27,86.2699966430664,89.31999795966476,0.0018158016,0.001177228,0.0020366316,0.004020718,0.0014965148,0.03474355,86.44587677509662
2022-09-28,89.31999969482422,88.4900004105316,0.0006529451,0.0011857473,0.002036611,0.0030527064,0.00091934623,-0.009335896,89.50209792074929
2022-09-29,88.48999786376953,87.96000355807882,0.0015900255,0.0011866534,0.0020366276,0.0038240906,0.0013883394,-0.006007372,88.67040395062759
2022-09-30,87.95999908447266,88.86000330941897,0.00023295492,0.0011938275,0.0020366034,0.002697499,0.00071339123,0.010179949,88.13932465366634
2022-10-03,88.86000061035156,91.80000686757558,0.0018158016,0.0011790242,0.0020366316,0.0040187114,0.0014974129,0.032550227,89.04116102819899
2022-10-04,91.80000305175781,93.3700107619552,0.00038103785,0.0011669893,0.0020366062,0.0028495395,0.0007740136,0.016957793,91.98715730335607
2022-10-05,93.37000274658203,94.42000522721992,0.0015900255,0.0011671651,0.0020366276,0.0038458616,0.0013785954,0.011182772,93.56035778367186
2022-10-06,94.41999816894531,97.91999331362604,0.0015099354,0.0011646346,0.0020366262,0.0037826737,0.0013372849,0.036397904,94.61249384983603
2022-10-07,97.91999816894531,96.18999930755763,0.0018875262,0.0011981755,0.002036633,0.004056437,0.0015428509,-0.017825373,98.11962936028067
2022-10-10,96.19000244140625,94.2900091833435,0.0014580599,0.0011905112,0.0020366253,0.0037110073,0.0013242855,-0.019950278,96.38610666057502
2022-10-11,94.29000091552734,92.4499898296749,0.00053045515,0.0012055011,0.0020366088,0.0029296754,0.00086797815,-0.019707225,94.48223156877248
2022-10-12,92.44999694824219,94.56999901687595,0.0030503818,0.0012216612,0.0020366535,0.0049886936,0.0021360214,0.022672374,92.63847635362254
2022-10-13,94.56999969482422,91.62999678368396,0.0009504455,0.0012175663,0.0020366162,0.0032623778,0.0010840059,-0.0315816,94.76280118641625
2022-10-14,91.62999725341797,91.62000257402815,-0.0004952736,0.0012063575,0.0020365906,0.0020832526,0.00035554194,-0.00010908057,91.81680491125917
2022-10-17,91.62000274658203,90.02999539615575,-0.0004952736,0.001191002,0.0020365906,0.002100407,0.00034786417,-0.017506683,91.80679002844954
2022-10-18,90.02999877929688,92.41000777474619,0.0007721923,0.0011793044,0.0020366132,0.0031581945,0.0009757484,0.026092302,90.21354449261707
2022-10-19,92.41000366210938,92.37999572158151,-0.00023624758,0.0011610962,0.0020365953,0.0023473203,0.0004624243,-0.00032476225,92.5984015324866
2022-10-20,92.37999725341797,93.49999600418414,-0.00023624758,0.0011635572,0.0020365953,0.002344571,0.0004636548,0.012050961,92.56833394921159
2022-10-21,93.5,93.25999727845192,-0.00023624758,0.0011582739,0.0020365953,0.0023504728,0.00046101317,-0.002570122,93.69062006473541
2022-10-24,93.26000213623047,93.51999502300714,0.0011793013,0.001141764,0.0020366204,0.0035356951,0.0011605327,0.002783967,93.45013291317628
2022-10-25,93.5199966430664,95.69000944931304,-0.00023624758,0.0010998738,0.0020365953,0.0024157134,0.00043181313,0.022938544,93.71065747530338
2022-10-26,95.69000244140625,96.9599932482015,-0.00023624758,0.001085641,0.0020365953,0.0024316134,0.00042469671,0.013184687,95.88508730194008
2022-10-27,96.95999908447266,95.76999613931866,-0.00023624758,0.0010638281,0.0020365953,0.0024559812,0.0004137903,-0.012349064,97.15767310909541
2022-10-28,95.7699966430664,94.83000485019602,0.0010312184,0.0010624746,0.0020366176,0.0035022132,0.0010468465,-0.009863614,95.96524458916065
2022-10-31,94.83000183105469,94.65000971685004,0.002614065,0.001059072,0.0020366458,0.0048106895,0.0018365686,-0.0018999404,95.02333339349207
2022-11-01,94.6500015258789,96.16000418713156,-0.00023624758,0.0010509902,0.0020365953,0.002470323,0.00040737132,0.015827615,94.84296611858554
2022-11-02,96.16000366210938,94.66999845552346,-0.00023624758,0.0010513776,0.0020365953,0.00246989,0.00040756504,-0.0156163685,96.35604672224872
2022-11-03,94.66999816894531,98.56999976840416,0.00037597664,0.0010407318,0.002036606,0.002986414,0.00070835423,0.040369812,94.8630035291535
2022-11-04,98.56999969482422,97.9199995192148,0.0018345431,0.0010319435,0.002036632,0.004198468,0.0014332433,-0.0066161524,98.77095605549584
2022-11-07,97.91999816894531,95.36000420589062,-0.00023624758,0.0010195923,0.0020365953,0.0025053984,0.00039167237,-0.02649159,98.11962936028067
2022-11-08,95.36000061035156,92.64999715977865,-0.00023624758,0.0010189725,0.0020365953,0.0025060908,0.00039136247,-0.028830241,95.55441269045332
2022-11-09,92.6500015258789,93.67000543366885,0.002614065,0.001010976,0.0020366458,0.004864419,0.0018125206,0.010948978,92.83888868404574
2022-11-10,93.66999816894531,95.98999387139884,-0.00023624758,0.0010052401,0.0020365953,0.0025214315,0.0003844963,0.024466049,93.8609648118836
2022-11-11,95.98999786376953,93.14000071967303,-0.00023624758,0.0010082576,0.0020365953,0.0025180606,0.00038600503,-0.030140266,96.18569433015182
2022-11-14,93.13999938964844,93.86000556235558,-0.00023624758,0.0010072431,0.0020365953,0.002519194,0.00038549775,0.0077005858,93.32988551492235
2022-11-15,93.86000061035156,92.85999635522967,-0.00023624758,0.0010130499,0.0020365953,0.0025127071,0.00038840115,-0.010711328,94.05135461454847
2022-11-16,92.86000061035156,89.77999631168586,0.002614065,0.001019912,0.0020366458,0.004854436,0.0018169885,-0.033730768,93.04931589727857
2022-11-17,89.77999877929688,87.62000340656778,-0.00023624758,0.0010280629,0.0020365953,0.0024959357,0.00039590767,-0.024352906,89.9630348132996
2022-11-18,87.62000274658203,87.44999800149162,-0.00023624758,0.0010346742,0.0020365953,0.0024885498,0.00039921334,-0.0019421472,87.79863515936995
2022-11-21,87.44999694824219,88.36000312967371,-0.00023624758,0.0010329749,0.0020365953,0.0024904483,0.00039836369,0.0103522185,87.62828276727305
2022-11-22,88.36000061035156,85.41000379908837,-0.00023624758,0.0010389631,0.0020365953,0.0024837586,0.00040135777,-0.03395615,88.54014166956404
2022-11-23,85.41000366210938,83.62999392864367,-0.00023624758,0.0010407121,0.0020365953,0.0024818047,0.00040223228,-0.021060959,85.58413051159732
2022-11-25,83.62999725341797,83.19000455155583,-0.00073701097,0.0010508309,0.0020365864,0.002057742,0.00015690998,-0.0052750967,83.80049517309999
2022-11-28,83.19000244140625,83.03000122316007,-0.0004952736,0.0010345468,0.0020365906,0.002275188,0.00026963657,-0.0019252041,83.35960333606636
2022-11-29,83.02999877929688,85.429993620397,-0.0004952736,0.0010302681,0.0020365906,0.0022799675,0.00026749726,0.028495356,83.19927347172779
2022-11-30,85.43000030517578,86.8799951092542,-0.00023624758,0.0010268601,0.0020365953,0.0024972793,0.00039530627,0.016830495,85.60416792216529
2022-12-01,86.87999725341797,85.5699940523391,-0.00023624758,0.0010267007,0.0020365953,0.0024974574,0.00039522658,-0.015193074,87.05712100422716
2022-12-02,85.56999969482422,82.67999776321176,-0.00023624758,0.0010285719,0.0020365953,0.002495367,0.00039616216,-0.03435701,85.74445273098718
2022-12-05,82.68000030517578,79.34999121628925,-0.00023624758,0.0010328487,0.0020365953,0.0024905894,0.0003983006,-0.041109312,82.84856144967307
2022-12-06,79.3499984741211,77.17000392993168,-0.00023624758,0.0010341101,0.0020365953,0.0024891803,0.00039893127,-0.02785767,79.51177068637662
2022-12-07,77.16999816894531,76.14999843991063,-0.00023624758,0.0010374865,0.0020365953,0.0024854084,0.00040061946,-0.013305658,77.3273259769303
2022-12-08,76.1500015258789,76.1000010718817,-0.00023624758,0.0010420742,0.0020365953,0.0024802834,0.0004029133,-0.00065685454,76.30524984909243
2022-12-09,76.0999984741211,77.98999564434325,-0.00023624758,0.0010524456,0.0020365953,0.002468697,0.00040809903,0.02453234,76.25514485524945
2022-12-12,77.98999786376953,80.68000221394414,-0.00023624758,0.0010363369,0.0020365953,0.0024866925,0.00040004466,0.03391013,78.14899741929366
2022-12-13,80.68000030517578,82.69999914456548,-0.00023624758,0.0010383369,0.0020365953,0.0024844583,0.00040104467,0.024728848,80.84448401513328
2022-12-14,82.69999694824219,81.2099915994686,-0.00023624758,0.0010366568,0.0020365953,0.002486335,0.00040020462,-0.018181184,82.86859886024104
2022-12-15,81.20999908447266,79.03999632539944,-0.00023624758,0.0010372623,0.0020365953,0.0024856587,0.00040050736,-0.027084315,81.37556331209453
2022-12-16,79.04000091552734,79.80000382350045,-0.00023624758,0.0010369909,0.0020365953,0.002485962,0.00040037167,0.009569477,79.20114113040654
2022-12-19,79.80000305175781,79.99000423681173,-0.00023624758,0.0010429356,0.0020365953,0.0024793209,0.00040334405,0.0023780575,79.9626926961173
2022-12-20,79.98999786376953,82.1999952632068,-0.00023624758,0.0010545196,0.0020365953,0.0024663801,0.000409136,0.027253665,80.15307485383346
2022-12-21,82.19999694824219,80.98000144719481,-0.00023624758,0.0010629839,0.0020365953,0.0024569244,0.00041336817,-0.014953013,82.36757950160609
2022-12-22,80.9800033569336,83.91999769477297,-0.00023624758,0.0010791053,0.0020365953,0.0024389145,0.00042142888,0.03566169,81.14509868829373
2022-12-23,83.91999816894531,84.33000388204528,-0.00023624758,0.001086312,0.0020365953,0.0024308637,0.00042503222,0.004873753,84.0910873185021
2022-12-27,84.33000183105469,83.25999922694064,-0.00023624758,0.001098634,0.0020365953,0.0024170987,0.0004311932,-0.012769428,84.50192686215814
2022-12-28,83.26000213623047,82.26000169095641,-0.00023624758,0.0011100834,0.0020365953,0.002404308,0.00043691794,-0.012083279,83.4297457404773
2022-12-29,82.26000213623047,85.91000064553464,-0.00023624758,0.0011150853,0.0020365953,0.0023987202,0.0004394189,0.04341529,82.4277070232074
2022-12-30,85.91000366210938,82.09999500365302,-0.00023624758,0.0011228678,0.0020365953,0.002390026,0.00044331013,-0.045362283,86.08514987023227
2023-01-03,82.0999984741211,77.83999465276793,-0.00023624758,0.0011444045,0.0020365953,0.0023659668,0.0004540785,-0.053282607,82.26737715886884
2023-01-04,77.83999633789062,78.69000353628871,0.00041899423,0.0011568437,0.002036607,0.0028921594,0.000787919,0.0108607225,77.99869008271344
2023-01-05,78.69000244140625,78.57000138089279,-0.00023624758,0.001165902,0.0020365953,0.0023419512,0.00046482723,-0.0015261703,78.85042910835182
2023-01-06,78.56999969482422,79.6499966329111,-0.00023624758,0.0011822593,0.0020365953,0.0023236782,0.00047300587,0.013652112,78.7301817100979
2023-01-09,79.6500015258789,80.09999901322317,-0.00023624758,0.0011866501,0.0020365953,0.002318773,0.0004752013,0.0056337793,79.81238535953707
2023-01-10,80.0999984741211,82.67000226847085,-0.00023624758,0.0011929015,0.0020365953,0.0023117894,0.00047832698,0.03158092,80.26329972432904
2023-01-11,82.66999816894531,84.0300024053231,-0.00023624758,0.0012067152,0.0020365953,0.0022963576,0.00048523385,0.016317107,82.83853892191473
2023-01-12,84.02999877929688,85.27999966474454,-0.00023624758,0.001224419,0.0020365953,0.0022765803,0.0004940857,0.014766083,84.20131218899769
2023-01-13,85.27999877929688,85.91999972381018,-0.00023624758,0.0012430213,0.0020365953,0.002255799,0.0005033869,0.007476663,85.45386058558506
2023-01-17,85.91999816894531,84.98000646687069,-0.00023624758,0.0012569603,0.0020365953,0.0022402275,0.0005103564,-0.011000635,86.0951647530419
2023-01-18,84.9800033569336,86.16000315797555,-0.0010946126,0.0012623203,0.00203658,0.0015267248,8.385384e-05,0.013790101,85.15325355737332
2023-01-19,86.16000366210938,87.62999960471643,-0.0004912462,0.0012623422,0.0020365906,0.0020240303,0.00038554802,0.016917298,86.33565954954975
2023-01-20,87.62999725341797,88.19000302466884,-0.0004912462,0.0012868084,0.0020365906,0.0019966983,0.0003977811,0.006370232,87.80865004217958
2023-01-23,88.19000244140625,86.12999839682743,-0.0004912462,0.0013005988,0.0020365906,0.0019812926,0.00040467634,-0.023635855,88.36979692241584
2023-01-24,86.12999725341797,86.12000184627459,-0.0004912462,0.0013067101,0.0020365906,0.0019744656,0.00040773195,-0.000116046525,86.30559196627473
2023-01-25,86.12000274658203,87.47000123514772,-0.0004912462,0.0013159593,0.0020365906,0.001964133,0.00041235654,0.015554187,86.2955770834651
2023-01-26,87.47000122070312,86.6600030464142,-0.0004912462,0.0013215401,0.0020365906,0.0019578985,0.00041514696,-0.009303433,87.64832782278972
2023-01-27,86.66000366210938,84.90000229908219,-0.0004912462,0.0013360803,0.0020365906,0.0019416553,0.00042241704,-0.020518348,86.8366789081847
2023-01-30,84.9000015258789,84.4899950072986,-0.0004912462,0.001351525,0.0020365906,0.0019244015,0.0004301394,-0.0048409523,85.07308862520404
2023-01-31,84.48999786376953,82.83999899684886,-0.0004912462,0.0013633424,0.0020365906,0.0019111999,0.0004360481,-0.019722167,84.662249081548
2023-02-01,82.83999633789062,82.16999693017715,-0.0004912462,0.0013827304,0.0020365906,0.0018895409,0.00044574213,-0.008120743,83.00888366906293
2023-02-02,82.16999816894531,79.94000551841873,-0.0004912462,0.0014024286,0.0020365906,0.0018675355,0.00045559122,-0.027513865,82.33751956327978
2023-02-03,79.94000244140625,80.99000135529059,-0.0004912462,0.0014127014,0.0020365906,0.0018560593,0.00046072764,0.01304928,80.10297750493919
2023-02-06,80.98999786376953,83.68999980122953,-0.0004912462,0.0014054598,0.0020365906,0.0018641492,0.00045710683,0.03279386,81.15511357110336
2023-02-07,83.69000244140625,85.0900023773429,-0.0004912462,0.0014015987,0.0020365906,0.0018684627,0.00045517625,0.01658995,83.8606226947013
2023-02-08,85.08999633789062,84.49999861276228,-0.0004912462,0.001394548,0.0020365906,0.0018763391,0.0004516509,-0.0069579426,85.2634707829202
2023-02-09,84.5,86.390001475811,-0.0004912462,0.0013761078,0.0020365906,0.0018969392,0.0004424308,0.022120386,84.67227160930634
2023-02-10,86.38999938964844,86.60999574267407,-0.0004912462,0.0013774218,0.0020365906,0.0018954714,0.0004430878,0.0025433681,86.56612417335054
2023-02-13,86.61000061035156,85.57999655355343,-0.0004912462,0.001371698,0.0020365906,0.0019018656,0.0004402259,-0.011963657,86.78657391434172
2023-02-14,85.58000183105469,85.37999296952512,-0.0004912462,0.0013690293,0.0020365906,0.0019048469,0.00043889155,-0.0023397831,85.75447525874552
2023-02-15,85.37999725341797,85.13999791917377,-0.0004912462,0.0013614945,0.0020365906,0.0019132642,0.00043512418,-0.002814896,85.55406292832231
2023-02-16,85.13999938964844,83.00000207527773,-0.0004912462,0.0013575815,0.0020365906,0.0019176356,0.00043316765,-0.025456345,85.31357577676317
2023-02-17,83.0,83.04999625682831,-0.0004912462,0.0013661679,0.0020365906,0.0019080434,0.00043746087,0.000602265,83.16921353340149
2023-02-21,83.05000305175781,80.60000257728007,-0.0004912462,0.0013670682,0.0020365906,0.0019070377,0.000437911,-0.029944243,83.21931852724447
2023-02-22,80.5999984741211,82.20999838642092,-0.0004912462,0.0013798572,0.0020365906,0.0018927507,0.0004443055,0.019778308,80.764319082964
2023-02-23,82.20999908447266,83.16000064387936,-0.0004912462,0.0013819253,0.0020365906,0.0018904404,0.00044533957,0.011489569,82.37760202936443
2023-02-24,83.16000366210938,82.45000273438927,-0.0004912462,0.0013880524,0.0020365906,0.0018835955,0.0004484031,-0.008574495,83.32954339774005
2023-02-27,82.44999694824219,83.88999559317745,-0.0004912462,0.0013890644,0.0020365906,0.0018824651,0.0004489091,0.017314397,82.61808918092356
2023-02-28,83.88999938964844,84.30998901180828,-0.0004912462,0.0013894248,0.0020365906,0.0018820623,0.0004490893,0.0049940436,84.0610273801758
2023-03-01,84.30999755859375,84.7499999264619,-0.0004912462,0.0013895436,0.0020365906,0.0018819296,0.00044914873,0.005205293,84.48188180664147
2023-03-02,84.75,85.82999923825264,-0.0004912462,0.0013852388,0.0020365906,0.0018867387,0.00044699633,0.012662871,84.92278128862381
2023-03-03,85.83000183105469,86.17999874027191,-0.0004912462,0.0014034543,0.0020365906,0.0018663895,0.00045610408,0.0040695188,86.00498493806299
2023-03-06,86.18000030517578,83.28999990989587,-0.0004912462,0.0014098497,0.0020365906,0.0018592451,0.00045930178,-0.03410963,86.35569696011771
2023-03-07,83.29000091552734,82.65999962710248,-0.0004912462,0.001412665,0.0020365906,0.0018561,0.00046070942,-0.0075926515,83.4598056788036
2023-03-08,82.66000366210938,81.5899948504375,-0.0004912462,0.0014226771,0.0020365906,0.0018449153,0.00046571545,-0.013029193,82.8285240391051
2023-03-09,81.58999633789062,82.77999764227206,-0.0004912462,0.0014211737,0.0020365906,0.0018465947,0.00046496376,0.014479811,81.75633527247555
2023-03-10,82.77999877929688,80.76999582870485,-0.0004912462,0.0014279591,0.0020365906,0.0018390145,0.00046835645,-0.024580903,82.94876379241032
2023-03-13,80.7699966430664,77.44999149173509,-0.0004912462,0.0014225139,0.0020365906,0.0018450976,0.00046563384,-0.04197304,80.93466383011219
2023-03-14,77.44999694824219,73.69000196371235,-0.0004912462,0.0014207833,0.0020365906,0.0018470308,0.0004647686,-0.04976539,77.60789559457407
2023-03-15,73.69000244140625,74.69999531992653,-0.0012895095,0.0014155548,0.0020365764,0.0011948964,6.302266e-05,0.013612913,73.84023552200233
2023-03-16,74.69999694824219,72.97000433717676,-0.0012895095,0.0014104095,0.0020365764,0.0012006445,6.0449995e-05,-0.023431636,74.85228912208186
2023-03-17,72.97000122070312,73.79000176251793,-0.001034511,0.0014047599,0.002036581,0.0014171402,0.00018512446,0.011174819,73.11876642237621
2023-03-20,73.79000091552734,75.32000327339665,-0.001034511,0.0014034184,0.002036581,0.001418639,0.00018445367,0.020522466,73.94043786473958
2023-03-21,75.31999969482422,76.6900006381793,-0.001034511,0.0014049358,0.002036581,0.0014169437,0.00018521241,0.018025653,75.47355587897073
2023-03-22,76.69000244140625,75.91000700315271,-0.0016378775,0.0014293864,0.0020365703,0.000892299,-0.000104245555,-0.010222877,76.84635167381202
2023-03-23,75.91000366210938,74.98999639781505,-0.001034511,0.0014548395,0.002036581,0.001361195,0.00021016423,-0.012193734,76.0647626975333
2023-03-24,74.98999786376953,78.1200044074103,-0.001034511,0.0014878316,0.002036581,0.0013243384,0.00022666028,0.040891398,75.14288126748397
2023-03-27,78.12000274658203,78.64999383405575,-0.001034511,0.0014992445,0.002036581,0.0013115888,0.00023236673,0.0067615076,78.27926734530593
2023-03-28,78.6500015258789,78.27999452826771,-0.00073701097,0.0015190905,0.0020365862,0.0015346352,0.00039103976,-0.004715522,78.81034664226718
2023-03-29,78.27999877929688,79.26999915486522,-0.00073701097,0.0015128134,0.0020365862,0.0015416476,0.0003879012,0.012567578,78.43958956469578
2023-03-30,79.2699966430664,79.77000022678112,-0.00073701097,0.0015521122,0.0020365862,0.0014977455,0.0004075506,0.0062877475,79.43160575420734
2023-03-31,79.7699966430664,84.93000342827327,-0.00073701097,0.0016226675,0.0020365862,0.001418926,0.00044282828,0.06267994,79.93262511284229
2023-04-03,84.93000030517578,84.94000325683373,-0.0004952736,0.0016066798,0.0020365906,0.0016360406,0.00055570307,0.00011776224,85.10314856353034
2023-04-04,84.94000244140625,84.9899927129809,-0.00023624758,0.001618057,0.0020365953,0.0018368352,0.00069090474,0.00058842375,85.11317109128868
2023-04-05,84.98999786376953,85.11999638826728,-0.0004912462,0.0016438961,0.0020365906,0.0015977847,0.000576325,0.0015284804,85.16326844018295
2023-04-06,85.12000274658203,84.1800012285189,-0.0004912462,0.0016590741,0.0020365906,0.0015808288,0.000583914,-0.011104691,85.29353836619521
2023-04-10,84.18000030517578,85.60999322455973,-0.0004912462,0.0017035408,0.0020365906,0.0015311539,0.00060614734,0.016844738,84.35161952557792
2023-04-11,85.61000061035156,87.32999599729374,-0.0004912462,0.0016901898,0.0020365906,0.0015460686,0.00059947185,0.019891962,85.78453519707182
2023-04-12,87.33000183105469,86.08999631606366,-0.0004912462,0.0016752647,0.0020365906,0.0015627418,0.0005920093,-0.014300849,87.50804301396784
2023-04-13,86.08999633789062,86.30999842303936,-0.0004912462,0.0016803425,0.0020365906,0.0015570694,0.0005945482,0.00255222,86.26550950019009
2023-04-14,86.30999755859375,84.76000272664896,-0.0004912462,0.0016561092,0.0020365906,0.001584141,0.00058243156,-0.01812168,86.48595924118126
2023-04-17,84.76000213623047,84.76999516989144,-0.0004912462,0.0016258822,0.0020365906,0.0016179085,0.00056731806,0.000117908414,84.93280381638215
2023-04-18,84.7699966430664,83.12000175930461,-0.0004912462,0.0016042904,0.0020365906,0.0016420295,0.00055652217,-0.019656288,84.94281869919178
2023-04-19,83.12000274658203,81.10000014306024,-0.0004912462,0.0015988329,0.0020365906,0.0016481262,0.0005537934,-0.024602437,83.28946093165541
2023-04-20,81.0999984741211,81.66000036139667,-0.0004912462,0.0015978075,0.0020365906,0.0016492717,0.0005532807,0.0068813884,81.26533844159894
2023-04-21,81.66000366210938,82.72999536544376,-0.0004912462,0.0015787489,0.0020365906,0.0016705627,0.0005437514,0.013018003,81.82648532183521
2023-04-24,82.7300033569336,80.76999765608844,-0.0004912462,0.0015912766,0.0020365906,0.0016565674,0.00055001525,-0.023976766,82.89866644351605
2023-04-25,80.7699966430664,77.68999714241318,-0.0004912462,0.001562519,0.0020365906,0.0016886937,0.00053563644,-0.03887899,80.93466383011219
2023-04-26,77.69000244140625,78.37000001064007,-0.0004912462,0.0015689153,0.0020365906,0.0016815481,0.0005388346,0.008714655,77.84839039108192
2023-04-27,78.37000274658203,79.54000226187327,-0.0007502723,0.0015532181,0.002036586,0.0014855794,0.0004014729,0.0148188155,78.5297770246234
2023-04-28,79.54000091552734,79.31000303838164,-0.0004912462,0.0015304864,0.0020365906,0.0017244781,0.00051962014,-0.002895858,79.70216048904149
2023-05-01,79.30999755859375,75.31999542836274,-0.0004912462,0.001498536,0.0020365906,0.001760171,0.00050364493,-0.051618494,79.47168822029198
2023-05-02,75.31999969482422,72.33000435371696,-0.0004912462,0.0014675888,0.0020365906,0.0017947429,0.00048817132,-0.040506694,75.47355587897073
2023-05-03,72.33000183105469,72.50000122977508,-0.0007502723,0.0014493272,0.002036586,0.001601639,0.00034952746,0.0023475557,72.47746225491937
2023-05-04,72.5,75.30001014471054,-0.0009920094,0.0014608426,0.0020365817,0.0013895209,0.00023441657,0.037893612,72.64780700206757
2023-05-05,75.30000305175781,77.01000967995606,-0.0009920094,0.0014397085,0.0020365817,0.0014131304,0.00022384955,0.022455135,75.45351846840276
2023-05-08,77.01000213623047,77.43999856591927,-0.00023624758,0.0014185094,0.0020365953,0.0020597558,0.0005911309,0.005568163,77.16700375754044
2023-05-09,77.44000244140625,76.41000412554786,-0.00023624758,0.0014011448,0.0020365953,0.0020791544,0.0005824486,-0.013389849,77.59788071176445
2023-05-10,76.41000366210938,74.98000227333068,-0.0004912462,0.0014059076,0.0020365906,0.0018636489,0.0004573307,-0.018892169,76.56578205616825
2023-05-11,74.9800033569336,74.16999556252813,-0.0004912462,0.0013928427,0.0020365906,0.0018782441,0.00045079828,-0.010861725,75.13286638467434
2023-05-12,74.16999816894531,75.23000938540463,-0.0004912462,0.0014055874,0.0020365906,0.0018640065,0.00045717062,0.014190401,74.3212098251206
2023-05-15,75.2300033569336,74.91000306847309,-0.0004912462,0.0014117104,0.0020365906,0.0018571664,0.0004602321,-0.0042626904,75.38337606399182
2023-05-16,74.91000366210938,76.96000290878874,-0.0004912462,0.0014093318,0.0020365906,0.0018598237,0.0004590428,0.026998352,75.0627239802634
2023-05-17,76.95999908447266,75.86000407573829,-0.0004912462,0.0014115795,0.0020365906,0.0018573126,0.0004601667,-0.01439625,77.11689876369746
2023-05-18,75.86000061035156,75.58000453246859,-0.0004912462,0.0013961748,0.0020365906,0.0018745218,0.0004524643,-0.003697822,76.01465770369032
2023-05-19,75.58000183105469,75.98999452392127,-0.0004912462,0.0013909518,0.0020365906,0.0018803566,0.0004498528,0.0054100025,75.73408808604654
2023-05-22,75.98999786376953,76.83999508375564,-0.0004912462,0.0013864271,0.0020365906,0.0018854111,0.00044759046,0.011123566,76.14491998475387
2023-05-23,76.83999633789062,78.35999528316461,-0.0004912462,0.0013706953,0.0020365906,0.0019029857,0.00043972456,0.01958831,76.99665136544354
2023-05-24,78.36000061035156,76.26000578675121,-0.0004912462,0.0013839814,0.0020365906,0.0018881434,0.00044636763,-0.027165018,78.51975449686506
2023-05-25,76.26000213623047,76.9499924066231,-0.0004912462,0.0013586775,0.0020365906,0.0019164111,0.00043371567,0.009007238,76.41547471958802
2023-05-26,76.94999694824219,73.53999602609292,-0.0004912462,0.0013509778,0.0020365906,0.0019250127,0.00042986582,-0.045326333,77.10687623593913
2023-05-30,73.54000091552734,72.6600000784515,-0.0004912462,0.0013333139,0.0020365906,0.0019447457,0.00042103385,-0.012038412,73.6899281854221
2023-05-31,72.66000366210938,74.28000161944874,-0.0007502723,0.0013312941,0.002036586,0.0017334975,0.00029051088,0.022050643,72.80813686640613
2023-06-01,74.27999877929688,76.12999277889321,0.0005171938,0.0013156162,0.0020366085,0.0027957316,0.000916405,0.02460065,74.43143469561619
2023-06-02,76.12999725341797,76.70999717646464,-0.0007502723,0.0013234052,0.002036586,0.0017423104,0.00028656644,0.007589697,76.28520479357576
2023-06-05,76.70999908447266,76.290003872758,-0.0007502723,0.0013257106,0.002036586,0.001739735,0.00028771913,-0.005490186,76.86638908437999
2023-06-06,76.29000091552734,76.949996192031,-0.0004912462,0.0013155777,0.0020365906,0.0019645593,0.00041216574,0.00861394,76.44553465791432
2023-06-07,76.94999694824219,75.95999342553114,-0.0004912462,0.0013115638,0.0020365906,0.0019690434,0.0004101588,-0.012948947,77.10687623593913
2023-06-08,75.95999908447266,74.7899938199871,-0.0004912462,0.0013145444,0.0020365906,0.0019657137,0.0004116491,-0.015522676,76.11486004642757
2023-06-09,74.79000091552734,71.83999975706001,-0.0004912462,0.0013035783,0.0020365906,0.0019779643,0.00040616604,-0.040242825,74.94247658200948
2023-06-12,71.83999633789062,74.29000113395887,-0.0004912462,0.00129646,0.0020365906,0.0019859162,0.00040260694,0.033534992,71.98645777909405
2023-06-13,74.29000091552734,73.20000169662444,-0.0004912462,0.0012769019,0.0020365906,0.0020077652,0.00039282787,-0.014780986,74.44145722337453
2023-06-14,73.19999694824219,75.66999491884417,-0.0004912462,0.0012740322,0.0020365906,0.002010971,0.000391393,0.033186376,73.34923104617701
2023-06-15,75.66999816894531,76.61000436534778,-0.0004912462,0.0012644359,0.0020365906,0.0020216913,0.00038659488,0.012345868,75.82426790102545
2023-06-16,76.61000061035156,75.89999847621311,-0.0004912462,0.0012779884,0.0020365906,0.0020065513,0.00039337113,-0.00931092,76.76618674164274
2023-06-20,75.9000015258789,77.1199956662349,-0.0004912462,0.0012741252,0.0020365906,0.002010867,0.0003914395,0.015945982,76.05474016977496
2023-06-21,77.12000274658203,74.13999678489063,-0.0004912462,0.0012852529,0.0020365906,0.0019984362,0.00039700334,-0.039407495,77.27722862803603
2023-06-22,74.13999938964844,73.8499967181715,-0.0004912462,0.001286731,0.0020365906,0.001996785,0.0003977424,-0.003919201,74.2911498867943
2023-06-23,73.8499984741211,74.1800016394618,-0.0004912462,0.0012869741,0.0020365906,0.0019965132,0.00039786394,0.004458588,74.00055774139219
2023-06-26,74.18000030517578,72.259997950046,-0.0004912462,0.0012768967,0.0020365906,0.002007771,0.00039282526,-0.026223822,74.33123235287894
2023-06-27,72.26000213623047,74.03000267969946,-0.0007502723,0.0012834654,0.002036586,0.0017869284,0.00026659656,0.024199644,72.40731985050843
2023-06-28,74.02999877929688,74.33999678696637,-0.0009920094,0.0012688863,0.0020365817,0.0016039612,0.00013843842,0.004178716,74.18092501629872
2023-06-29,74.33999633789062,74.90000498873997,-0.0007502723,0.0012728887,0.002036586,0.0017987438,0.00026130822,0.007504795,74.4915545722688
2023-06-30,74.9000015258789,74.65000026312782,-0.0004912462,0.0012898962,0.0020365906,0.0019932487,0.000399325,-0.0033433666,75.05270145250506
2023-07-03,74.6500015258789,76.65000135814353,-0.0004912462,0.0012762642,0.0020365906,0.0020084777,0.000392509,0.02643908,74.80219177318759
2023-07-05,76.6500015258789,76.51999014059174,-0.0004912462,0.0012645815,0.0020365906,0.0020215288,0.00038666764,-0.0016975246,76.80626920772738
2023-07-06,76.5199966430664,78.4699931385976,0.00013828864,0.0012732187,0.0020366018,0.0025307792,0.0007057536,0.0251643,76.67599928171512
2023-07-07,78.47000122070312,77.69000251927537,-0.0004912462,0.0012805924,0.0020365906,0.0020036423,0.00039467312,-0.009989821,78.62997936736065
2023-07-10,77.69000244140625,79.40001253614173,-0.0004912462,0.0012891426,0.0020365906,0.0019940906,0.00039894824,0.021771807,77.84839039108192
2023-07-11,79.4000015258789,80.1100064414095,-0.0009920094,0.0013081831,0.0020365817,0.0015600615,0.00015808683,0.00890231,79.5618756802196
2023-07-12,80.11000061035156,81.360009945618,-0.0004912462,0.0013083663,0.0020365906,0.0019726153,0.00040856007,0.015483062,80.27332225208738
2023-07-13,81.36000061035156,79.87000233486106,-0.0004912462,0.0013141091,0.0020365906,0.0019661998,0.00041143145,-0.018483412,81.52587064867475
2023-07-14,79.87000274658203,78.49999537942358,-0.0004912462,0.0013013817,0.0020365906,0.0019804179,0.00040506778,-0.017301723,80.03283510052825
2023-07-17,78.5,79.62999802827835,-0.0004912462,0.0012962057,0.0020365906,0.0019862005,0.00040247975,0.014292247,78.66003930568695
2023-07-18,79.62999725341797,79.45999839236583,-0.0004912462,0.0012755499,0.0020365906,0.0020092756,0.00039215185,-0.002137133,79.7923403040204
2023-07-19,79.45999908447266,79.64000253231552,-0.0004912462,0.0012693233,0.0020365906,0.0020162314,0.00038903856,0.0022627327,79.6219955568722
2023-07-20,79.63999938964844,81.07000719405005,-0.0004912462,0.0012703671,0.0020365906,0.0020150654,0.00038956045,0.017796503,79.80236283177874
2023-07-21,81.06999969482422,82.73999989238564,-0.0004912462,0.0012682892,0.0020365906,0.0020173867,0.0003885215,0.02039016,81.23527850327264
2023-07-24,82.73999786376953,83.64000136674349,-0.0004912462,0.0012687955,0.0020365906,0.0020168212,0.00038877464,0.010818732,82.90868132632568
2023-07-25,83.63999938964844,82.9200027208417,-0.0004912462,0.0012638968,0.0020365906,0.0020222934,0.00038632532,-0.008645602,83.81051770085833
2023-07-26,82.91999816894531,84.23999914115484,-0.0004912462,0.0012465126,0.0020365906,0.0020417138,0.00037763323,0.015793577,83.08904860123221
2023-07-27,84.23999786376953,84.9899888039181,-0.0004912462,0.001238467,0.0020365906,0.002050702,0.00037361044,0.008863735,84.41173940223052
2023-07-28,84.98999786376953,85.56000152585693,-0.0004912462,0.0012379065,0.0020365906,0.002051328,0.00037333017,0.006684278,85.16326844018295
2023-07-31,85.55999755859375,84.91000085778069,-0.0004912462,0.0012322511,0.0020365906,0.002057646,0.00037050244,-0.0076259407,85.73443020322884
2023-08-01,84.91000366210938,83.20000288502342,-0.0004912462,0.0012430057,0.0020365906,0.0020456316,0.00037587978,-0.020344604,85.08311115296237
2023-08-02,83.19999694824219,85.13999931848957,-0.0004912462,0.0012362926,0.0020365906,0.002053131,0.00037252324,0.023049641,83.36961821887598
2023-08-03,85.13999938964844,86.23998975680479,-0.0004912462,0.0012388574,0.0020365906,0.002050266,0.0003738056,0.012837129,85.31357577676317
2023-08-04,86.23999786376953,85.34000252092028,-0.0004912462,0.0012316661,0.0020365906,0.0020582995,0.00037020995,-0.010490848,86.41581683677032
2023-08-07,85.33999633789062,86.16999685063638,-0.0004912462,0.0012317708,0.0020365906,0.0020581824,0.00037026234,0.009678833,85.51398046223767
2023-08-08,86.16999816894531,87.5500049667371,-0.0004912462,0.0012337524,0.0020365906,0.0020559689,0.0003712531,0.015888026,86.34567443235937
2023-08-09,87.55000305175781,86.40000105365925,-0.0004912462,0.0012394772,0.0020365906,0.0020495735,0.0003741155,-0.0132224,87.728492754959
2023-08-10,86.4000015258789,86.81000099906214,-0.0004912462,0.0012520722,0.0020365906,0.0020355033,0.000380413,0.004734101,86.57614670110888
2023-08-11,86.80999755859375,86.20999850649241,-0.0004912462,0.001261289,0.0020365906,0.0020252068,0.0003850214,-0.006935625,86.98697859981621
2023-08-14,86.20999908447266,84.88999130637558,-0.0004912462,0.0012588972,0.0020365906,0.0020278788,0.00038382554,-0.015429876,86.38575689844401
2023-08-15,84.88999938964844,83.44999978027954,-0.0004912462,0.001263389,0.0020365906,0.0020228608,0.00038607142,-0.01710868,85.0630660974457
2023-08-16,83.44999694824219,84.12000569635165,-0.0004912462,0.0012653791,0.0020365906,0.0020206375,0.00038706648,0.00799677,83.62012789819346
2023-08-17,84.12000274658203,84.80000370815378,-0.0004912462,0.0012643596,0.0020365906,0.0020217765,0.0003865567,0.008051195,84.29149964892531
2023-08-18,84.80000305175781,84.45999869076695,-0.0004912462,0.0012655078,0.0020365906,0.002020494,0.0003871308,-0.0040175403,84.97288628246679
2023-08-21,84.45999908447266,84.02999715317492,-0.0004912462,0.0012637818,0.0020365906,0.002022422,0.0003862678,-0.0051041753,84.6321891432217
2023-08-22,84.02999877929688,83.21000436901159,-0.0004912462,0.0012670562,0.0020365906,0.0020187641,0.00038790502,-0.0098063415,84.20131218899769
2023-08-23,83.20999908447266,83.36000032498305,-0.0004912462,0.0012645111,0.0020365906,0.0020216072,0.00038663248,0.0018010634,83.37964074663432
2023-08-24,83.36000061035156,84.48000235423933,-0.0004912462,0.0012721921,0.0020365906,0.0020130267,0.00039047297,0.013346274,83.52994808321455
2023-08-25,84.4800033569336,84.41999145269347,-0.0004912462,0.0012675712,0.0020365906,0.0020181886,0.00038816253,-0.00071054103,84.65223419873837
2023-08-28,84.41999816894531,85.48999541584453,-0.0004912462,0.0012469674,0.0020365906,0.002041206,0.0003778606,0.012595067,84.59210667713705
2023-08-29,85.48999786376953,85.85999964027906,0.00013828864,0.0012475973,0.0020366018,0.0025594018,0.00069294294,0.004318685,85.6642877988179
2023-08-30,85.86000061035156,86.86000060077095,-0.0004912462,0.0012524622,0.0020365906,0.0020350674,0.000380608,0.011579564,86.03504487638929
2023-08-31,86.86000061035156,88.55000306840157,-0.0004912462,0.001272954,0.0020365906,0.0020121755,0.00039085394,0.019269764,87.03708359365919
2023-09-01,88.55000305175781,90.040001157613,-0.0004912462,0.0012836482,0.0020365906,0.0020002287,0.000396201,0.016686628,88.7305314722289
2023-09-05,90.04000091552734,90.60000526520798,-0.0004912462,0.0012732795,0.0020365906,0.0020118118,0.00039101669,0.00620017,90.22356702037541
2023-09-06,90.5999984741211,89.92000231696011,-0.0004912462,0.0012618165,0.0020365906,0.0020246175,0.00038528515,-0.0075338306,90.78470625566297
2023-09-07,89.91999816894531,90.6499931568269,-0.0004912462,0.0012498618,0.0020365906,0.0020379727,0.0003793078,0.008085588,90.10331962212149
2023-09-08,90.6500015258789,90.63999487144793,-0.0004912462,0.0012444123,0.0020365906,0.0020440603,0.00037658305,-0.000110344045,90.83481124950595
2023-09-11,90.63999938964844,92.05999876019814,-0.0004912462,0.0012317182,0.0020365906,0.0020582413,0.00037023603,0.015544902,90.82478872174761
2023-09-12,92.05999755859375,91.88000082374128,-0.0004912462,0.0012237566,0.0020365906,0.0020671354,0.0003662552,-0.001957164,92.24768186548317
2023-09-13,91.87999725341797,93.69999405665567,-0.0004912462,0.0012249785,0.0020365906,0.0020657703,0.00036686615,0.019614808,92.06731459057664
2023-09-14,93.69999694824219,93.93000773634412,-0.0004912462,0.0012198366,0.0020365906,0.0020715145,0.00036429524,0.0024516706,93.89102475020991
2023-09-15,93.93000030517578,94.43000581665365,-0.0004912462,0.001222694,0.0020365906,0.0020683226,0.00036572388,0.005308995,94.12149701895942
2023-09-18,94.43000030517578,94.33999549538612,-0.0004912462,0.0012186858,0.0020365906,0.0020728002,0.0003637198,-0.00095358345,94.62251637759437
2023-09-19,94.33999633789062,93.52999974534032,-0.0004912462,0.0012069943,0.0020365906,0.0020858613,0.00035787406,-0.008623011,94.53232891766675
2023-09-20,93.52999877929688,93.3000039082981,-0.0007502723,0.0012074488,0.002036586,0.0018718487,0.00022858824,-0.0024620867,93.72068000306172
2023-09-21,93.30000305175781,93.26999528309898,-0.0007502723,0.0012074043,0.002036586,0.0018718985,0.000228566,-0.00032166383,93.49021537926092
2023-09-22,93.2699966430664,93.29001021313161,-0.0009920094,0.0012134251,0.0020365817,0.0016659186,0.00011070783,0.00021445403,93.4601477959859
2023-09-25,93.29000091552734,93.95999877395116,-0.0009920094,0.0012045612,0.0020365817,0.0016758207,0.0001062759,0.0071562193,93.48019285150258
2023-09-26,93.95999908447266,96.55000668863067,-0.0009920094,0.0011966318,0.0020365817,0.001684679,0.0001023112,0.02719189,94.15155695728572
2023-09-27,96.55000305175781,95.37999459681214,-0.0009920094,0.0011808998,0.0020365817,0.0017022535,9.444519e-05,-0.012192156,96.74684121038808
2023-09-28,95.37999725341797,95.30999672972075,-0.0012895095,0.001172125,0.0020365764,0.0014668393,-5.869224e-05,-0.00073417276,95.57445010102128
2023-09-29,95.30999755859375,90.70999874453992,-0.0009920094,0.0011583725,0.0020365817,0.0017274197,8.318154e-05,-0.049467117,95.50430769661034
2023-10-02,90.70999908447266,90.91999676015621,-0.0012895095,0.0011571186,0.0020365764,0.0014836034,-6.619544e-05,0.0023123843,90.89493112615855
2023-10-03,90.91999816894531,85.80999371567759,-0.0017053518,0.0011434456,0.0020365692,0.0011561161,-0.00028095307,-0.057844456,91.10535833939139
2023-10-04,85.80999755859375,84.07000066402907,-0.002002852,0.0011645089,0.0020365638,0.0008873686,-0.00041917159,-0.02048574,85.98493988254631
2023-10-05,84.06999969482422,84.58000543290018,-0.0012895095,0.0011698041,0.0020365764,0.0014694319,-5.9852668e-05,0.006048072,84.24139465508233
2023-10-06,84.58000183105469,88.15000126699488,-0.004384998,0.0011786915,0.0020365214,-0.0010919797,-0.0016031533,0.041342072,84.75242645875369
2023-10-09,88.1500015258789,87.65000614850487,-0.0012895095,0.0011885865,0.0020365764,0.0014484494,-5.04615e-05,-0.0056882976,88.3297144563312
2023-10-10,87.6500015258789,85.81999628934318,-0.003729757,0.0011848066,0.002036533,-0.000558723,-0.0012724751,-0.021099553,87.82868464900184
2023-10-11,85.81999969482422,85.99999583657154,-0.0031175327,0.0011869398,0.002036544,-5.6474702e-05,-0.00096529647,0.0020952201,85.99495217976346
2023-10-12,86.0,90.88999843597412,-2.2043796e-05,0.0011816941,0.002036599,0.0025008689,0.00057982514,0.05530268,86.17532968521118
2023-10-13,90.88999938964844,89.64999556778093,-0.0012895095,0.0011983133,0.0020365764,0.0014375835,-4.5598077e-05,-0.01373676,91.07529840106508
2023-10-16,89.6500015258789,89.89999447294394,-0.0005976063,0.0011821555,0.0020365887,0.0020259412,0.00029227458,0.0027847413,89.83277253223605
2023-10-17,89.9000015258789,91.50000483129133,0.00017791451,0.0011841584,0.0020366025,0.0026629334,0.00068103644,0.017641013,90.08328221155352
2023-10-18,91.5,92.37999647855759,0.0010362797,0.0011881453,0.0020366178,0.0033659944,0.0011122124,0.009571503,91.68654263019562
2023-10-19,92.37999725341797,92.15999946533066,0.0024978835,0.0011950495,0.0020366437,0.0045630215,0.0018464664,-0.0023842386,92.56833394921159
2023-10-20,92.16000366210938,89.83000112811715,0.0027528817,0.0011984516,0.0020366483,0.004769405,0.0019756667,-0.02560722,92.34789185316913
2023-10-23,89.83000183105469,88.06999469388211,0.0012124351,0.0012004088,0.0020366209,0.003497492,0.001206422,-0.019787066,90.01313980714258
2023-10-24,88.06999969482422,90.13000380040648,0.00043291313,0.0012212602,0.0020366071,0.0028316705,0.0008270866,0.023121092,88.24954952416192
2023-10-25,90.12999725341797,87.9300037571652,-0.0003792693,0.0012410732,0.0020365927,0.0021400885,0.00043090197,-0.024711994,90.31374683535432
2023-10-26,87.93000030517578,90.47999513557443,-0.0003792693,0.0012436238,0.0020365927,0.002137239,0.00043217724,0.028587822,88.10926471534003
2023-10-27,90.4800033569336,87.44999503338022,-0.001034511,0.0012429287,0.002036581,0.001597927,0.000104208826,-0.034061704,90.66446650235775
2023-10-30,87.44999694824219,87.41000721594173,0.0011700353,0.0012252501,0.0020366202,0.0034347926,0.0011976426,-0.0004574321,87.62828276727305
2023-10-31,87.41000366210938,84.6299980751246,-0.0009826359,0.0012177363,0.002036582,0.0016688288,0.0001175502,-0.032320954,87.58820794613712
2023-11-01,84.62999725341797,86.85000160522668,-0.001034511,0.0012025996,0.002036581,0.0016429797,8.4044295e-05,0.025893694,84.80253389036989
2023-11-02,86.8499984741211,84.8899946825345,-8.176905e-05,0.0012034953,0.0020365978,0.002427285,0.0005608631,-0.022826182,87.02706106590085
2023-11-03,84.88999938964844,85.17999895960202,-0.00073701097,0.0011856491,0.0020365864,0.0019071328,0.00022431905,0.0034103745,85.0630660974457
2023-11-06,85.18000030517578,81.61000049504128,-0.0009920094,0.0011739654,0.0020365817,0.0017100002,9.097799e-05,-0.04281486,85.35365824284781
2023-11-07,81.61000061035156,79.53999740304153,-0.0009920094,0.0011659516,0.0020365817,0.0017189526,8.697109e-05,-0.025691759,81.77638032799223
2023-11-08,79.54000091552734,80.01000008170377,-0.0009920094,0.0011404715,0.0020365817,0.0017474173,7.4231066e-05,0.0058916025,79.70216048904149
2023-11-09,80.01000213623047,81.43000043726443,-0.0009920094,0.0011285171,0.0020365817,0.001760772,6.825384e-05,0.017592106,80.17311990935013
2023-11-10,81.43000030517578,82.5200037806353,-0.0009920094,0.001126916,0.0020365817,0.0017625606,6.745331e-05,0.013296888,81.5960130530857
2023-11-13,82.5199966430664,82.47000424588441,-0.0009920094,0.0011037758,0.0020365817,0.001788411,5.5883196e-05,-0.00060604187,82.6882315853345
2023-11-14,82.47000122070312,81.1800015914232,-0.00073701097,0.0010991181,0.0020365864,0.002003799,0.00018105359,-0.015765691,82.63813423644024
2023-11-15,81.18000030517578,77.41999742524968,-0.0009920094,0.0010925728,0.0020365817,0.0018009264,5.02817e-05,-0.047423795,81.34550337376822
2023-11-16,77.41999816894531,80.6100006612669,-0.0009920094,0.0010746559,0.0020365817,0.0018209419,4.132325e-05,0.0403776,77.57783565624777
2023-11-17,80.61000061035156,82.31999456865924,-0.0009920094,0.0010772654,0.0020365817,0.0018180266,4.2627973e-05,0.020991368,80.77434161072233
2023-11-20,82.31999969482422,82.44999659490077,-0.0009920094,0.0010648847,0.0020365817,0.0018318577,3.6437646e-05,0.0015779241,82.48782689986001
2023-11-21,82.44999694824219,81.95999659027348,-0.00073701097,0.0010726528,0.0020365864,0.0020333643,0.0001678209,-0.0059606996,82.61808918092356
2023-11-22,81.95999908447266,80.57999454370884,-0.0009920094,0.0010667433,0.0020365817,0.0018297813,3.736693e-05,-0.01698081,82.12709235004695
2023-11-24,80.58000183105469,79.9800038594758,-0.0009920094,0.0010828801,0.0020365817,0.0018117544,4.543533e-05,-0.007473857,80.74428167239603
2023-11-27,79.9800033569336,81.68000823718921,-0.0009920094,0.0010786738,0.0020365817,0.0018164534,4.333217e-05,0.021032533,80.14305997102383
2023-11-28,81.68000030517578,83.09999785953823,-0.00073701097,0.0010861094,0.0020365864,0.0020183316,0.00017454923,0.017235506,81.84652273240317
2023-11-29,83.0999984741211,82.83000744480933,-0.00073701097,0.0010987931,0.0020365864,0.0020041622,0.00018089107,-0.0032543468,83.26941587613874
2023-11-30,82.83000183105469,78.87999915748969,-0.00073701097,0.0011112243,0.0020365864,0.001990275,0.00018710666,-0.048862662,82.9988687862533
2023-12-01,78.87999725341797,78.03000182250435,-0.0004952736,0.0011193991,0.0020365906,0.0021803966,0.00031206274,-0.010834323,79.04081126606798
2023-12-04,78.02999877929688,77.20000413106936,-0.00023624758,0.0010941131,0.0020365953,0.0024221488,0.00042893278,-0.010693935,78.1890798853783
2023-12-05,77.19999694824219,74.29999801655504,-0.0007502723,0.0011163547,0.0020365862,0.0019736127,0.00018304121,-0.038288426,77.3573859152566
2023-12-06,74.30000305175781,74.0500071542101,-0.0004912462,0.0011070027,0.0020365906,0.0021975646,0.00030787828,-0.0033704108,74.45147975113287
2023-12-07,74.05000305175781,75.83999769912043,-0.0007502723,0.0011197501,0.0020365862,0.00196982,0.00018473889,0.023885228,74.20097007181539
2023-12-08,75.83999633789062,76.0299984649464,-0.0004912462,0.0011291505,0.0020365906,0.0021728228,0.00031895217,0.0025021734,75.99461264817364
2023-12-11,76.02999877929688,73.24000066766348,-0.0004912462,0.0011233338,0.0020365906,0.002179321,0.00031604382,-0.03738629,76.18500245083851
2023-12-12,73.23999786376953,74.26000132923491,-0.0004912462,0.0011371365,0.0020365906,0.0021639015,0.00032294515,0.013830787,73.38931351226165
2023-12-13,74.26000213623047,76.60999973858452,-0.0004912462,0.0011373413,0.0020365906,0.0021636728,0.00032304754,0.031155147,74.41139728504822
2023-12-14,76.61000061035156,76.55000840496905,-0.0004912462,0.0011445815,0.0020365906,0.0021555843,0.00032666765,-0.00078346254,76.76618674164274
2023-12-15,76.55000305175781,77.94998725869482,-0.0004912462,0.0011555788,0.0020365906,0.002143299,0.0003321663,0.018123394,76.70606686499013
2023-12-18,77.94999694824219,79.2300014709981,-0.0004912462,0.0011648791,0.0020365906,0.0021329094,0.00033681645,0.016287502,78.10891495320902
2023-12-19,79.2300033569336,79.6999936338716,-0.0004912462,0.0011739243,0.0020365906,0.0021228045,0.00034133907,0.00591449,79.39153093307141
2023-12-20,79.69999694824219,79.38999897236499,-0.0004912462,0.0011943114,0.0020365906,0.0021000295,0.00035153262,-0.0038971396,79.86248270843134
2023-12-21,79.38999938964844,79.07000176198926,-0.0004912462,0.0011953599,0.0020365906,0.0020988584,0.00035205684,-0.004038876,79.55185315246126
2023-12-22,79.06999969482422,81.07000144425001,-0.0004912462,0.0012000914,0.0020365906,0.0020935726,0.00035442263,0.024979442,79.23120106873284
2023-12-26,81.06999969482422,79.65000519810201,-0.0004912462,0.0011959267,0.0020365906,0.002098225,0.00035234026,-0.01767092,81.23527850327264
2023-12-27,79.6500015258789,78.39000286430291,-0.0004912462,0.0012033302,0.0020365906,0.0020899544,0.00035604203,-0.015945695,79.81238535953707
2023-12-28,78.38999938964844,77.04000052668744,-0.0004912462,0.0012165806,0.0020365906,0.002075152,0.00036266723,-0.017371582,78.54981443519137
