Date,Actual_10d_Future_Volatility,XGBoost,Attention_BiLSTM,Stacking_Ridge,Simple_Average,Train_Mean_Baseline,Past_Volatility_Baseline
2022-07-01,0.043858446,0.024352495,0.020776588,0.025208041,0.022564542,0.021689942106604576,0.027299598030635544
2022-07-05,0.034363497,0.024778344,0.021345675,0.025819167,0.02306201,0.021689942106604576,0.03303875125142355
2022-07-06,0.0334255,0.025908614,0.021667406,0.027516235,0.023788009,0.021689942106604576,0.03213960591504373
2022-07-07,0.03293962,0.0261375,0.021981075,0.02784421,0.024059288,0.021689942106604576,0.035558562012769204
2022-07-08,0.031933855,0.025908614,0.021782713,0.027508955,0.023845663,0.021689942106604576,0.0365159400038867
2022-07-11,0.032704283,0.02566756,0.022489218,0.027098082,0.024078388,0.021689942106604576,0.034997032634860606
2022-07-12,0.021204097,0.0261375,0.02305759,0.027776245,0.024597544,0.021689942106604576,0.039909690816838664
2022-07-13,0.021737535,0.0261375,0.023096167,0.027773812,0.024616834,0.021689942106604576,0.037953141069963295
2022-07-14,0.02137874,0.026042389,0.023573948,0.027599134,0.024808168,0.021689942106604576,0.03814960704538415
2022-07-15,0.021843115,0.026512329,0.02335449,0.028327033,0.024933409,0.021689942106604576,0.039878398791705336
2022-07-18,0.03535071,0.026042389,0.023534635,0.027601615,0.024788512,0.021689942106604576,0.04385844549947761
2022-07-19,0.035130426,0.025153173,0.023400037,0.026259001,0.024276605,0.021689942106604576,0.034363498381332416
2022-07-20,0.03648546,0.024727324,0.022836903,0.025647499,0.023782114,0.021689942106604576,0.033425497811606385
2022-07-21,0.03641947,0.023832623,0.022275077,0.024323527,0.023053851,0.021689942106604576,0.03293962141609176
2022-07-22,0.0368761,0.025517559,0.022029929,0.026899163,0.023773745,0.021689942106604576,0.03193385420787018
2022-07-25,0.036823012,0.024352495,0.022203026,0.02511799,0.02327776,0.021689942106604576,0.03270428237587247
2022-07-26,0.036854867,0.024352495,0.021951037,0.025133897,0.023151767,0.021689942106604576,0.021204096760106574
2022-07-27,0.0361186,0.024352495,0.021915928,0.025136113,0.023134211,0.021689942106604576,0.021737534563143264
2022-07-28,0.037270345,0.024678392,0.02195496,0.025628831,0.023316676,0.021689942106604576,0.021378739951944763
2022-07-29,0.03535408,0.023832623,0.021802243,0.024353378,0.022817433,0.021689942106604576,0.021843115776436037
2022-08-01,0.021723926,0.023779385,0.02125748,0.024306875,0.022518434,0.021689942106604576,0.03535070996094692
2022-08-02,0.022658095,0.025054567,0.021885516,0.026204787,0.02347004,0.021689942106604576,0.035130425062143714
2022-08-03,0.021034153,0.0261375,0.022405898,0.027817387,0.024271699,0.021689942106604576,0.03648546085750236
2022-08-04,0.021606706,0.025517559,0.022734005,0.026854713,0.02412578,0.021689942106604576,0.03641946850466187
2022-08-05,0.021508746,0.02695163,0.023529356,0.028983485,0.025240492,0.021689942106604576,0.03687610061432411
2022-08-08,0.02075936,0.024352495,0.023558434,0.02503242,0.023955464,0.021689942106604576,0.0368230123620293
2022-08-09,0.02393165,0.023832623,0.023238609,0.024262697,0.023535617,0.021689942106604576,0.03685486845266965
2022-08-10,0.023890518,0.023779385,0.022990232,0.024197482,0.02338481,0.021689942106604576,0.036118601159361885
2022-08-11,0.023890307,0.023832623,0.0223887,0.024316352,0.023110662,0.021689942106604576,0.037270344560131646
2022-08-12,0.023833537,0.023707245,0.02205566,0.02414687,0.022881452,0.021689942106604576,0.03535408130376912
2022-08-15,0.0230533,0.023707245,0.021986334,0.024151247,0.022846788,0.021689942106604576,0.021723926916232112
2022-08-16,0.029029084,0.023832623,0.021717409,0.02435873,0.022775017,0.021689942106604576,0.02265809429852493
2022-08-17,0.031012293,0.025736626,0.022133404,0.027225487,0.023935016,0.021689942106604576,0.02103415248933507
2022-08-18,0.032494035,0.0261375,0.022281315,0.027825255,0.024209406,0.021689942106604576,0.021606706843046886
2022-08-19,0.032659937,0.023832623,0.021832395,0.024351474,0.02283251,0.021689942106604576,0.02150874505398595
2022-08-22,0.03266235,0.025736626,0.022319918,0.027213715,0.024028271,0.021689942106604576,0.020759360150820395
2022-08-23,0.032434635,0.025908614,0.022564655,0.027459588,0.024236634,0.021689942106604576,0.023931649667201814
2022-08-24,0.032688018,0.023832623,0.02238167,0.024316795,0.023107147,0.021689942106604576,0.023890516892132823
2022-08-25,0.03661255,0.024352495,0.02225853,0.025114484,0.023305513,0.021689942106604576,0.023890307623696785
2022-08-26,0.036348,0.024628717,0.022303635,0.02553134,0.023466177,0.021689942106604576,0.02383353745228998
2022-08-29,0.032404777,0.023832623,0.022496348,0.024309557,0.023164485,0.021689942106604576,0.02305329954993932
2022-08-30,0.028882962,0.024352495,0.022357985,0.025108203,0.02335524,0.021689942106604576,0.029029084822549178
2022-08-31,0.029528989,0.025204567,0.021898186,0.026431907,0.023551377,0.021689942106604576,0.031012293755395624
2022-09-01,0.026493886,0.0261375,0.021193145,0.027893953,0.023665322,0.021689942106604576,0.03249403392451006
2022-09-02,0.026492849,0.026153358,0.022028888,0.027865287,0.024091123,0.021689942106604576,0.032659936840105624
2022-09-06,0.026864227,0.026512329,0.022584826,0.028375622,0.024548577,0.021689942106604576,0.0326623519955505
2022-09-07,0.020364588,0.025429396,0.02284767,0.02671358,0.024138533,0.021689942106604576,0.032434634069073445
2022-09-08,0.020093674,0.026512329,0.02323076,0.028334845,0.024871543,0.021689942106604576,0.03268801891322175
2022-09-09,0.02063991,0.026283443,0.02270887,0.028020013,0.024496157,0.021689942106604576,0.03661255214052226
2022-09-12,0.019981151,0.024727324,0.02324984,0.02562143,0.023988582,0.021689942106604576,0.0363479984057451
2022-09-13,0.023202248,0.023707245,0.022922093,0.024092171,0.02331467,0.021689942106604576,0.032404777673060756
2022-09-14,0.026402479,0.023707245,0.022515327,0.02411785,0.023111286,0.021689942106604576,0.028882961656756738
2022-09-15,0.024314854,0.023707245,0.02232524,0.024129849,0.023016242,0.021689942106604576,0.029528987684417054
2022-09-16,0.02415539,0.023832623,0.022076089,0.024336088,0.022954356,0.021689942106604576,0.026493887182921852
2022-09-19,0.024329035,0.023832623,0.022333845,0.024319816,0.023083234,0.021689942106604576,0.02649284827141229
2022-09-20,0.026377745,0.023832623,0.021943664,0.024344448,0.022888143,0.021689942106604576,0.026864227337853357
2022-09-21,0.026542032,0.024352495,0.021768916,0.025145393,0.023060706,0.021689942106604576,0.020364588226368382
2022-09-22,0.026629865,0.024352495,0.022189576,0.025118839,0.023271035,0.021689942106604576,0.020093673832627442
2022-09-23,0.020729993,0.023832623,0.022068135,0.024336591,0.02295038,0.021689942106604576,0.020639909867598175
2022-09-26,0.019451313,0.02566756,0.022351999,0.027106747,0.02400978,0.021689942106604576,0.01998115100047204
2022-09-27,0.021490294,0.028084734,0.023755878,0.030690867,0.025920305,0.021689942106604576,0.02320224805677671
2022-09-28,0.021106418,0.027326459,0.023638118,0.02954615,0.02548229,0.021689942106604576,0.02640247971008126
2022-09-29,0.021378243,0.026528187,0.023258401,0.028357193,0.024893295,0.021689942106604576,0.024314854996541325
2022-09-30,0.024379076,0.026512329,0.022602309,0.02837452,0.024557319,0.021689942106604576,0.02415538874419877
2022-10-03,0.02431041,0.026528187,0.023515008,0.028340992,0.025021598,0.021689942106604576,0.024329034178494188
2022-10-04,0.022660747,0.027326459,0.023377262,0.029562619,0.02535186,0.021689942106604576,0.026377744213706658
2022-10-05,0.023669133,0.029174887,0.024619445,0.032292776,0.026897166,0.021689942106604576,0.026542032155721814
2022-10-06,0.023285842,0.026512329,0.023291273,0.028331023,0.0249018,0.021689942106604576,0.0266298649401456
2022-10-07,0.019818217,0.026512329,0.022431472,0.028385304,0.024471901,0.021689942106604576,0.020729991927954272
2022-10-10,0.019268198,0.026512329,0.022274531,0.028395213,0.02439343,0.021689942106604576,0.019451312045238707
2022-10-11,0.018378962,0.026042389,0.022026312,0.027696837,0.024034351,0.021689942106604576,0.021490294860692073
2022-10-12,0.018457007,0.026042389,0.021947876,0.027701791,0.023995131,0.021689942106604576,0.021106418908702573
2022-10-13,0.017581904,0.026042389,0.021492116,0.027730562,0.023767252,0.021689942106604576,0.02137824414381534
2022-10-14,0.014158708,0.025892388,0.021193566,0.027521495,0.023542978,0.021689942106604576,0.02437907590879124
2022-10-17,0.014825643,0.025892388,0.02147655,0.027503628,0.023684468,0.021689942106604576,0.024310409739842408
2022-10-18,0.0130957095,0.025892388,0.021363502,0.027510766,0.023627944,0.021689942106604576,0.022660746269379604
2022-10-19,0.011572872,0.025153173,0.021126103,0.02640256,0.023139637,0.021689942106604576,0.023669133848536045
2022-10-20,0.0131124165,0.024727324,0.02108902,0.02575785,0.022908172,0.021689942106604576,0.023285842179015373
2022-10-21,0.017679343,0.024727324,0.021016657,0.025762416,0.02287199,0.021689942106604576,0.019818217309040334
2022-10-24,0.017923584,0.024207452,0.021336775,0.024952292,0.022772115,0.021689942106604576,0.019268197902553037
2022-10-25,0.020507814,0.024352495,0.021195231,0.025181614,0.022773862,0.021689942106604576,0.01837896162045497
2022-10-26,0.021144664,0.023832623,0.0212918,0.024385601,0.022562211,0.021689942106604576,0.018457006980139568
2022-10-27,0.020962877,0.024352495,0.02147916,0.025163688,0.022915827,0.021689942106604576,0.017581904226280184
2022-10-28,0.022409592,0.024678392,0.021773497,0.025640287,0.023225944,0.021689942106604576,0.014158708474067902
2022-10-31,0.024264844,0.024352495,0.021467777,0.025164407,0.022910137,0.021689942106604576,0.014825642790000416
2022-11-01,0.024449594,0.023832623,0.02081028,0.024416,0.022321451,0.021689942106604576,0.01309570951580138
2022-11-02,0.023873147,0.023832623,0.021094728,0.024398044,0.022463676,0.021689942106604576,0.011572871940332583
2022-11-03,0.025525395,0.024352495,0.021162927,0.025183652,0.02275771,0.021689942106604576,0.013112416397170215
2022-11-04,0.020335624,0.023832623,0.021170743,0.024393246,0.022501683,0.021689942106604576,0.017679343374918284
2022-11-07,0.020520266,0.023832623,0.021617344,0.024365049,0.022724982,0.021689942106604576,0.01792358500907422
2022-11-08,0.020796997,0.023707245,0.021827186,0.024161294,0.022767216,0.021689942106604576,0.020507815262876997
2022-11-09,0.021431249,0.023707245,0.0218652,0.024158895,0.022786222,0.021689942106604576,0.021144664419899466
2022-11-10,0.020639777,0.023707245,0.021728944,0.024167497,0.022718094,0.021689942106604576,0.02096287696328027
2022-11-11,0.016668016,0.023055684,0.021684226,0.023180313,0.022369955,0.021689942106604576,0.022409592504975175
2022-11-14,0.016068177,0.02153021,0.02180207,0.020855006,0.02166614,0.021689942106604576,0.02426484465020418
2022-11-15,0.019751208,0.022032892,0.021471908,0.021639645,0.0217524,0.021689942106604576,0.024449594276528666
2022-11-16,0.021401051,0.023181062,0.021622604,0.023374707,0.022401832,0.021689942106604576,0.023873145995985005
2022-11-17,0.01951506,0.023055684,0.021717522,0.023178209,0.022386603,0.021689942106604576,0.02552539418664701
2022-11-18,0.020840067,0.023707245,0.021618657,0.02417446,0.02266295,0.021689942106604576,0.02033562336357109
2022-11-21,0.023539532,0.023707245,0.021452019,0.02418498,0.022579633,0.021689942106604576,0.02052026638875575
2022-11-22,0.023014676,0.023832623,0.021368051,0.024380788,0.022600338,0.021689942106604576,0.020796997131172505
2022-11-23,0.021877702,0.023832623,0.021312797,0.024384275,0.022572711,0.021689942106604576,0.02143124954806968
2022-11-25,0.02183587,0.025736626,0.021339068,0.027275637,0.023537848,0.021689942106604576,0.020639778015623077
2022-11-28,0.02435592,0.025517559,0.021836508,0.026911374,0.023677032,0.021689942106604576,0.01666801636024515
2022-11-29,0.027526313,0.02566756,0.021929622,0.027133413,0.02379859,0.021689942106604576,0.016068176654953147
2022-11-30,0.027071439,0.024352495,0.021451332,0.025165442,0.022901913,0.021689942106604576,0.019751208031796443
2022-12-01,0.02644292,0.023779385,0.020709429,0.024341471,0.022244407,0.021689942106604576,0.021401052207277636
2022-12-02,0.027123455,0.023707245,0.021026278,0.024211857,0.022366762,0.021689942106604576,0.019515060682556016
2022-12-05,0.025898812,0.023707245,0.02142728,0.02418654,0.022567261,0.021689942106604576,0.020840068276339958
2022-12-06,0.022290165,0.023707245,0.021558914,0.02417823,0.02263308,0.021689942106604576,0.023539532698565242
2022-12-07,0.021203002,0.023832623,0.02181862,0.024352342,0.022825621,0.021689942106604576,0.02301467552187325
2022-12-08,0.021378053,0.024352495,0.022032656,0.025128745,0.023192575,0.021689942106604576,0.02187770192806119
2022-12-09,0.023108235,0.023832623,0.021955675,0.024343688,0.022894148,0.021689942106604576,0.021835869307389896
2022-12-12,0.022543216,0.023832623,0.02210584,0.02433421,0.022969231,0.021689942106604576,0.024355920687119406
2022-12-13,0.021340365,0.023707245,0.022273013,0.02413315,0.02299013,0.021689942106604576,0.027526312754077374
2022-12-14,0.020356348,0.023707245,0.022263642,0.024133738,0.022985443,0.021689942106604576,0.027071437800203296
2022-12-15,0.023499565,0.02153021,0.02191165,0.020848084,0.021720931,0.021689942106604576,0.026442921045363416
2022-12-16,0.026804859,0.022032892,0.021487212,0.021638677,0.021760052,0.021689942106604576,0.027123455441331733
2022-12-19,0.032139283,0.021882283,0.021756496,0.021392837,0.02181939,0.021689942106604576,0.02589881260444566
2022-12-20,0.032392893,0.021320838,0.02194393,0.020527923,0.021632385,0.021689942106604576,0.022290164719378523
2022-12-21,0.030778997,0.021206303,0.021885706,0.020357568,0.021546004,0.021689942106604576,0.021203002129648416
2022-12-22,0.03102951,0.020446897,0.022051118,0.019193253,0.021249007,0.021689942106604576,0.02137805386322835
2022-12-23,0.028354574,0.020507418,0.02184501,0.019298222,0.021176213,0.021689942106604576,0.023108233947525734
2022-12-27,0.030526778,0.020446897,0.021684757,0.019216381,0.021065827,0.021689942106604576,0.02254321697751911
2022-12-28,0.030770112,0.022032892,0.021698881,0.021625314,0.021865886,0.021689942106604576,0.021340365377398484
2022-12-29,0.030680628,0.023055684,0.02150764,0.02319146,0.022281662,0.021689942106604576,0.02035634840952445
2022-12-30,0.02743217,0.02234363,0.021424804,0.022114765,0.021884218,0.021689942106604576,0.023499564842844132
2023-01-03,0.022893768,0.021633893,0.021980908,0.021001257,0.0218074,0.021689942106604576,0.02680485970746288
2023-01-04,0.011332702,0.02377374,0.021965018,0.02425363,0.022869378,0.021689942106604576,0.03213928240806382
2023-01-05,0.011534647,0.02479653,0.021549549,0.02583393,0.02317304,0.021689942106604576,0.03239289271365332
2023-01-06,0.010850018,0.02479653,0.021366956,0.025845457,0.023081742,0.021689942106604576,0.030778997576127405
2023-01-09,0.015470832,0.024084477,0.021707106,0.02474206,0.02289579,0.021689942106604576,0.031029509998332296
2023-01-10,0.015666783,0.024084477,0.02120742,0.024773605,0.022645948,0.021689942106604576,0.028354573561705818
2023-01-11,0.0135818655,0.021694414,0.021497965,0.021123704,0.02159619,0.021689942106604576,0.03052677832050588
2023-01-12,0.013760122,0.020611102,0.02149086,0.019478122,0.021050982,0.021689942106604576,0.030770112287883143
2023-01-13,0.014907187,0.019426586,0.021372374,0.0176858,0.020399481,0.021689942106604576,0.03068062756824322
2023-01-17,0.014687025,0.01913105,0.021517316,0.017227601,0.020324182,0.021689942106604576,0.027432170608154158
2023-01-18,0.015536503,0.020315565,0.02141495,0.019033864,0.020865258,0.021689942106604576,0.022893768022867078
2023-01-19,0.014485434,0.019426586,0.020970006,0.017711204,0.020198297,0.021689942106604576,0.011332701638803318
2023-01-20,0.013906462,0.01913105,0.020869495,0.0172685,0.020000271,0.021689942106604576,0.011534646999356303
2023-01-23,0.014863976,0.01913105,0.02122098,0.01724631,0.020176016,0.021689942106604576,0.010850018098205521
2023-01-24,0.018702326,0.01913105,0.02093738,0.017264213,0.020034214,0.021689942106604576,0.015470831307735166
2023-01-25,0.01969579,0.01913105,0.020948231,0.017263528,0.02003964,0.021689942106604576,0.015666783211591113
2023-01-26,0.018835379,0.01913105,0.02078635,0.017273748,0.019958701,0.021689942106604576,0.013581865333354258
2023-01-27,0.02031436,0.01913105,0.020091306,0.017317627,0.019611178,0.021689942106604576,0.013760121546025688
2023-01-30,0.019034278,0.01913105,0.021006439,0.017259853,0.020068744,0.021689942106604576,0.014907187283808075
2023-01-31,0.019447256,0.020315565,0.020791914,0.019073198,0.02055374,0.021689942106604576,0.014687025137964337
2023-02-01,0.018090803,0.019426586,0.019864118,0.017781021,0.019645352,0.021689942106604576,0.015536502736854354
2023-02-02,0.017803272,0.01913105,0.020514607,0.017290903,0.019822828,0.021689942106604576,0.014485434003130477
2023-02-03,0.017411958,0.018818218,0.02057562,0.016811723,0.01969692,0.021689942106604576,0.013906461769545778
2023-02-06,0.01711622,0.020002734,0.020679507,0.018604966,0.02034112,0.021689942106604576,0.014863976186905214
2023-02-07,0.016259901,0.019113755,0.020719297,0.017251702,0.019916527,0.021689942106604576,0.018702326282884662
2023-02-08,0.016727848,0.01913105,0.020748222,0.017276155,0.019939635,0.021689942106604576,0.019695789777488034
2023-02-09,0.017304441,0.01913105,0.020120546,0.01731578,0.019625798,0.021689942106604576,0.018835379341707797
2023-02-10,0.015227366,0.018818218,0.019736988,0.016864669,0.019277602,0.021689942106604576,0.02031435938705646
2023-02-13,0.016654188,0.018818218,0.020209042,0.016834866,0.01951363,0.021689942106604576,0.01903427796471268
2023-02-14,0.016524503,0.018818218,0.019822843,0.016859248,0.01932053,0.021689942106604576,0.019447255274968527
2023-02-15,0.016653402,0.018818218,0.019184217,0.016899565,0.019001218,0.021689942106604576,0.01809080344068311
2023-02-16,0.017151017,0.018818218,0.018649694,0.01693331,0.018733956,0.021689942106604576,0.017803271470372316
2023-02-17,0.014457254,0.018818218,0.018029956,0.016972438,0.018424086,0.021689942106604576,0.01741195787279627
2023-02-21,0.018811163,0.018818218,0.018842157,0.01692116,0.018830188,0.021689942106604576,0.017116220960065244
2023-02-22,0.015926464,0.018818218,0.019558517,0.016875936,0.019188367,0.021689942106604576,0.01625990203592209
2023-02-23,0.015345681,0.018818218,0.019536333,0.016877336,0.019177277,0.021689942106604576,0.016727847299991282
2023-02-24,0.015637198,0.01913105,0.018902821,0.01739266,0.019016936,0.021689942106604576,0.017304440576625224
2023-02-27,0.017291982,0.01913105,0.019370755,0.017363118,0.019250903,0.021689942106604576,0.01522736621342393
2023-02-28,0.019881478,0.01913105,0.017961875,0.017452063,0.018546462,0.021689942106604576,0.016654187031698513
2023-03-01,0.023176813,0.01913105,0.015155576,0.017629232,0.017143313,0.021689942106604576,0.016524502938060615
2023-03-02,0.024064772,0.01913105,0.0153520405,0.017616829,0.017241545,0.021689942106604576,0.016653401418774184
2023-03-03,0.022507332,0.018818218,0.015357277,0.017141169,0.017087748,0.021689942106604576,0.017151017227780035
2023-03-06,0.023317028,0.018818218,0.016571,0.017064543,0.01769461,0.021689942106604576,0.014457254049436702
2023-03-07,0.024829049,0.018818218,0.017024994,0.017035883,0.017921606,0.021689942106604576,0.018811162952672697
2023-03-08,0.02638462,0.01913105,0.01744508,0.01748469,0.018288065,0.021689942106604576,0.015926464089985336
2023-03-09,0.02633411,0.018818218,0.01705057,0.017034268,0.017934393,0.021689942106604576,0.015345681902398867
2023-03-10,0.025219701,0.018818218,0.016259005,0.01708424,0.01753861,0.021689942106604576,0.0156371976261626
2023-03-13,0.029169373,0.018818218,0.017068025,0.017033165,0.017943121,0.021689942106604576,0.01729198244375088
2023-03-14,0.025882853,0.018818218,0.017145902,0.01702825,0.01798206,0.021689942106604576,0.01988147695801135
2023-03-15,0.018954514,0.031687003,0.020812873,0.0363501,0.026249938,0.021689942106604576,0.02317681411785042
2023-03-16,0.018910958,0.035709158,0.022779703,0.04233736,0.02924443,0.021689942106604576,0.02406477160518821
2023-03-17,0.01587396,0.03453528,0.024185173,0.040464994,0.029360227,0.021689942106604576,0.022507332603269887
2023-03-20,0.023306299,0.037198544,0.026938807,0.04433782,0.032068677,0.021689942106604576,0.023317027666569186
2023-03-21,0.023569416,0.037198544,0.029060984,0.04420384,0.033129763,0.021689942106604576,0.02482904938323031
2023-03-22,0.023720274,0.031459138,0.028059814,0.03554636,0.029759476,0.021689942106604576,0.026384619945565575
2023-03-23,0.022867644,0.028721195,0.025628548,0.03153971,0.027174871,0.021689942106604576,0.026334110007683213
2023-03-24,0.02274479,0.028721195,0.02438987,0.03161791,0.026555533,0.021689942106604576,0.025219700527981868
2023-03-27,0.02045514,0.02961302,0.02485925,0.032943353,0.027236134,0.021689942106604576,0.029169373608689906
2023-03-28,0.0207043,0.02790439,0.023819404,0.030412838,0.025861897,0.021689942106604576,0.025882853125927113
2023-03-29,0.021684078,0.02790439,0.023068221,0.03046026,0.025486305,0.021689942106604576,0.018954514061905414
2023-03-30,0.021758335,0.027675504,0.023254069,0.030100752,0.025464786,0.021689942106604576,0.018910956945929053
2023-03-31,0.023346383,0.023021491,0.022536784,0.023074534,0.022779137,0.021689942106604576,0.01587395936809924
2023-04-03,0.0122226,0.021262154,0.02258101,0.020398535,0.021921583,0.021689942106604576,0.023306299672393525
2023-04-04,0.013680174,0.021262154,0.02347379,0.020342171,0.022367973,0.021689942106604576,0.023569416946710962
2023-04-05,0.015335777,0.020077638,0.02466172,0.018467372,0.022369679,0.021689942106604576,0.023720273068625806
2023-04-06,0.01566661,0.019505879,0.02496567,0.017579427,0.022235774,0.021689942106604576,0.022867644896449046
2023-04-10,0.016320249,0.019505879,0.026651304,0.01747301,0.02307859,0.021689942106604576,0.022744789485085442
2023-04-11,0.016261065,0.01913105,0.02690994,0.01688715,0.023020495,0.021689942106604576,0.02045514065435827
2023-04-12,0.016553719,0.01913105,0.027296906,0.016862722,0.023213979,0.021689942106604576,0.020704299082374696
2023-04-13,0.017710961,0.01913105,0.026992694,0.016881928,0.023061872,0.021689942106604576,0.02168407765421834
2023-04-14,0.0190077,0.01913105,0.026234237,0.01692981,0.022682644,0.021689942106604576,0.021758335272890648
2023-04-17,0.018729618,0.01913105,0.0262919,0.01692617,0.022711474,0.021689942106604576,0.023346383644580204
2023-04-18,0.02325296,0.01913105,0.025416093,0.016981462,0.02227357,0.021689942106604576,0.012222600056069649
2023-04-19,0.024909532,0.01913105,0.024315126,0.017050968,0.021723088,0.021689942106604576,0.013680173580365934
2023-04-20,0.025080811,0.01913105,0.023568079,0.01709813,0.021349564,0.021689942106604576,0.015335776660233547
2023-04-21,0.029153029,0.01913105,0.022740409,0.017150383,0.02093573,0.021689942106604576,0.015666608975388366
2023-04-24,0.03005179,0.01913105,0.023079503,0.017128976,0.021105276,0.021689942106604576,0.016320249631365344
2023-04-25,0.029665133,0.01913105,0.022675194,0.0171545,0.020903122,0.021689942106604576,0.016261066248721992
2023-04-26,0.027360866,0.01913105,0.022466606,0.017167669,0.020798828,0.021689942106604576,0.016553718677392464
2023-04-27,0.027589414,0.019407272,0.022322785,0.017596453,0.020865029,0.021689942106604576,0.017710960706508024
2023-04-28,0.026782863,0.01913105,0.021284902,0.017242273,0.020207975,0.021689942106604576,0.019007699822586096
2023-05-01,0.027605454,0.01913105,0.019247914,0.017370872,0.01918948,0.021689942106604576,0.01872961843831927
2023-05-02,0.022331355,0.01913105,0.019277737,0.01736899,0.019204393,0.021689942106604576,0.023252959553182725
2023-05-03,0.018839445,0.020591788,0.019342383,0.019584412,0.019967087,0.021689942106604576,0.024909531898436615
2023-05-04,0.019932685,0.022929056,0.0199646,0.023096472,0.021446828,0.021689942106604576,0.025080810840613067
2023-05-05,0.016184403,0.023951847,0.019549754,0.024676733,0.0217508,0.021689942106604576,0.029153029025561328
2023-05-08,0.01439926,0.020285172,0.019984292,0.019078005,0.020134732,0.021689942106604576,0.030051790633543483
2023-05-09,0.014796793,0.01913105,0.020522822,0.017290385,0.019826936,0.021689942106604576,0.029665133252366246
2023-05-10,0.015338644,0.01913105,0.020044202,0.017320601,0.019587625,0.021689942106604576,0.027360866544111292
2023-05-11,0.016777435,0.01913105,0.019565254,0.017350838,0.019348152,0.021689942106604576,0.027589414513617055
2023-05-12,0.01629503,0.01913105,0.019684227,0.017343327,0.019407637,0.021689942106604576,0.026782862148312485
2023-05-15,0.021925716,0.01913105,0.021151518,0.017250694,0.020141285,0.021689942106604576,0.027605453982512386
2023-05-16,0.022140978,0.01913105,0.021275794,0.017242849,0.020203423,0.021689942106604576,0.022331354896293593
2023-05-17,0.021439062,0.01913105,0.02121086,0.017246947,0.020170955,0.021689942106604576,0.018839445581887573
2023-05-18,0.022752305,0.01913105,0.020736627,0.017276887,0.019933838,0.021689942106604576,0.019932686057278555
2023-05-19,0.022808807,0.01913105,0.020391114,0.0172987,0.019761082,0.021689942106604576,0.016184403231556805
2023-05-22,0.022860738,0.01913105,0.021088382,0.01725468,0.020109717,0.021689942106604576,0.014399260287719096
2023-05-23,0.022743337,0.01913105,0.02107992,0.017255215,0.020105485,0.021689942106604576,0.01479679387850565
2023-05-24,0.021966513,0.01913105,0.02151586,0.017227693,0.020323455,0.021689942106604576,0.015338643937909775
2023-05-25,0.020829042,0.01913105,0.021190211,0.01724825,0.02016063,0.021689942106604576,0.0167774360795855
2023-05-26,0.023590757,0.01913105,0.020888368,0.017267307,0.020009708,0.021689942106604576,0.016295030128342724
2023-05-30,0.022461586,0.01913105,0.021335084,0.017239105,0.020233067,0.021689942106604576,0.02192571659196505
2023-05-31,0.022654587,0.020591788,0.020446578,0.019514702,0.020519182,0.021689942106604576,0.02214097806290121
2023-06-01,0.024049224,0.02072312,0.019122249,0.019797863,0.019922685,0.021689942106604576,0.021439062420827895
2023-06-02,0.02305293,0.02072312,0.019799843,0.019755084,0.020261481,0.021689942106604576,0.022752305094414022
2023-06-05,0.023105338,0.02072312,0.021297242,0.019660551,0.021010181,0.021689942106604576,0.02280880621491948
2023-06-06,0.023637075,0.01926238,0.021429963,0.017432664,0.020346172,0.021689942106604576,0.022860737525868598
2023-06-07,0.026625954,0.01913105,0.020596152,0.017285755,0.019863602,0.021689942106604576,0.02274333597383047
2023-06-08,0.026430594,0.01913105,0.02004137,0.01732078,0.01958621,0.021689942106604576,0.021966512606479808
2023-06-09,0.026116757,0.01913105,0.019281194,0.017368771,0.019206122,0.021689942106604576,0.020829042048027463
2023-06-12,0.02406075,0.01913105,0.019788817,0.017336724,0.019459933,0.021689942106604576,0.023590756866505184
2023-06-13,0.022787603,0.01913105,0.019600365,0.017348621,0.019365707,0.021689942106604576,0.0224615850460753
2023-06-14,0.022235619,0.01913105,0.019393953,0.017361654,0.0192625,0.021689942106604576,0.022654587415216376
2023-06-15,0.019488493,0.01913105,0.019025505,0.017384915,0.019078277,0.021689942106604576,0.02404922460220181
2023-06-16,0.018915782,0.01913105,0.018773902,0.017400797,0.018952476,0.021689942106604576,0.02305292992542912
2023-06-20,0.020790206,0.01913105,0.01941274,0.017360467,0.019271895,0.021689942106604576,0.023105337984148443
2023-06-21,0.020117072,0.01913105,0.019605314,0.01734831,0.019368183,0.021689942106604576,0.023637074405445362
2023-06-22,0.016351953,0.01913105,0.019716756,0.017341273,0.019423902,0.021689942106604576,0.026625953648988756
2023-06-23,0.016852774,0.01913105,0.019066632,0.017382318,0.01909884,0.021689942106604576,0.026430593389000983
2023-06-26,0.017653385,0.01913105,0.0190318,0.017384516,0.019081425,0.021689942106604576,0.02611675673854303
2023-06-27,0.013313376,0.019407272,0.01959131,0.017768897,0.01949929,0.021689942106604576,0.024060750538488353
2023-06-28,0.0125676235,0.019877212,0.019920792,0.018462142,0.019899003,0.021689942106604576,0.022787602676016636
2023-06-29,0.015355946,0.019407272,0.019460151,0.017777178,0.01943371,0.021689942106604576,0.022235619610824753
2023-06-30,0.017190814,0.01913105,0.019610904,0.017347956,0.019370977,0.021689942106604576,0.019488493037623785
2023-07-03,0.017179204,0.01913105,0.019721221,0.017340992,0.019426135,0.021689942106604576,0.018915781975037023
2023-07-05,0.015808227,0.01913105,0.019055897,0.017382996,0.019093473,0.021689942106604576,0.020790205768146556
2023-07-06,0.015710058,0.01913105,0.019379208,0.017362583,0.019255128,0.021689942106604576,0.020117072015031018
2023-07-07,0.014750473,0.01913105,0.019465541,0.017357133,0.019298296,0.021689942106604576,0.016351953845370516
2023-07-10,0.01484662,0.01913105,0.02011065,0.017316407,0.01962085,0.021689942106604576,0.016852773763196677
2023-07-11,0.013955457,0.019877212,0.0213903,0.01836937,0.020633757,0.021689942106604576,0.017653385595920622
2023-07-12,0.014529954,0.01913105,0.021314166,0.017240426,0.020222608,0.021689942106604576,0.01331337624988383
2023-07-13,0.014558836,0.01913105,0.021002885,0.017260078,0.020066967,0.021689942106604576,0.01256762390817
2023-07-14,0.012380629,0.01883912,0.020486629,0.0168491,0.019662876,0.021689942106604576,0.01535594602185645
2023-07-17,0.009245127,0.018026274,0.020555357,0.015609689,0.019290816,0.021689942106604576,0.01719081364222778
2023-07-18,0.010288143,0.018026274,0.02002996,0.015642859,0.019028116,0.021689942106604576,0.017179204599186888
2023-07-19,0.013176515,0.017447824,0.01929775,0.0148101635,0.018372787,0.021689942106604576,0.015808226507154757
2023-07-20,0.014353972,0.01717996,0.019494811,0.01439072,0.018337386,0.021689942106604576,0.01571005737186608
2023-07-21,0.014008661,0.01717996,0.018565794,0.014449371,0.017872877,0.021689942106604576,0.014750472896884536
2023-07-24,0.013932131,0.016609479,0.018767975,0.013569793,0.017688727,0.021689942106604576,0.014846620136162366
2023-07-25,0.013866415,0.016454605,0.018459601,0.01335394,0.017457103,0.021689942106604576,0.013955456700546131
2023-07-26,0.013750833,0.016454605,0.016943801,0.013449637,0.016699202,0.021689942106604576,0.01452995378952973
2023-07-27,0.01436926,0.016021876,0.01610834,0.012844875,0.016065108,0.021689942106604576,0.014558835483031312
2023-07-28,0.014225689,0.016021876,0.015686858,0.012871483,0.015854366,0.021689942106604576,0.012380629254410105
2023-07-31,0.014391052,0.01570768,0.015290497,0.012419105,0.015499088,0.021689942106604576,0.009245127457829457
2023-08-01,0.015090725,0.015147658,0.014325816,0.011629086,0.014736737,0.021689942106604576,0.010288142454914596
2023-08-02,0.014634355,0.015147658,0.014247907,0.011634005,0.014697783,0.021689942106604576,0.013176515214842123
2023-08-03,0.012677694,0.015147658,0.013356994,0.0116902515,0.0142523255,0.021689942106604576,0.014353972022743987
2023-08-04,0.012168804,0.015147658,0.012435178,0.011748446,0.013791418,0.021689942106604576,0.014008661213938881
2023-08-07,0.011815295,0.015147658,0.012338616,0.011754543,0.013743137,0.021689942106604576,0.013932131174929448
2023-08-08,0.01123627,0.015147658,0.012141824,0.011766966,0.013644741,0.021689942106604576,0.013866414821019706
2023-08-09,0.009337888,0.0147932945,0.011798316,0.011250218,0.013295805,0.021689942106604576,0.013750833411574875
2023-08-10,0.009088291,0.0147932945,0.011646338,0.011259813,0.013219817,0.021689942106604576,0.014369259999260413
2023-08-11,0.010292196,0.0147932945,0.011445726,0.011272479,0.01311951,0.021689942106604576,0.014225688480377812
2023-08-14,0.010196751,0.0147932945,0.011717995,0.01125529,0.013255645,0.021689942106604576,0.014391051787248844
2023-08-15,0.009974308,0.0147932945,0.011764661,0.011252344,0.013278978,0.021689942106604576,0.015090725022224664
2023-08-16,0.0077833827,0.0147932945,0.0117511675,0.011253195,0.013272231,0.021689942106604576,0.014634355416214676
2023-08-17,0.00812187,0.0147932945,0.011581543,0.011263903,0.013187419,0.021689942106604576,0.012677693854106099
2023-08-18,0.009520044,0.0147932945,0.011400929,0.011275306,0.013097111,0.021689942106604576,0.012168803817945145
2023-08-21,0.00975213,0.0147932945,0.011724218,0.011254897,0.013258756,0.021689942106604576,0.011815294301467624
2023-08-22,0.008887605,0.0147932945,0.011873593,0.011245467,0.013333444,0.021689942106604576,0.01123627023148793
2023-08-23,0.008411424,0.0147932945,0.011908586,0.011243258,0.01335094,0.021689942106604576,0.009337888203901601
2023-08-24,0.00814777,0.0147932945,0.011926019,0.011242157,0.013359657,0.021689942106604576,0.009088290562845063
2023-08-25,0.008345923,0.0147932945,0.011847737,0.011247098,0.013320516,0.021689942106604576,0.01029219595980105
2023-08-28,0.0082515385,0.0147932945,0.0122532295,0.011221498,0.013523262,0.021689942106604576,0.010196751007788725
2023-08-29,0.008749343,0.0147932945,0.012670658,0.011195146,0.013731976,0.021689942106604576,0.009974308640573947
2023-08-30,0.009493452,0.0147932945,0.012766316,0.011189107,0.013779805,0.021689942106604576,0.007783382781402874
2023-08-31,0.009627751,0.0147932945,0.012984786,0.011175314,0.013889041,0.021689942106604576,0.008121870383174606
2023-09-01,0.008756622,0.0147932945,0.012369135,0.011214182,0.0135812145,0.021689942106604576,0.00952004397160244
2023-09-05,0.008221089,0.0147932945,0.012688284,0.011194034,0.013740789,0.021689942106604576,0.00975213017071117
2023-09-06,0.009192522,0.0147932945,0.012877503,0.011182087,0.0138353985,0.021689942106604576,0.008887605204526782
2023-09-07,0.008660051,0.0147932945,0.012640522,0.011197049,0.013716908,0.021689942106604576,0.008411424076257968
2023-09-08,0.008593745,0.0147932945,0.012507248,0.011205463,0.013650271,0.021689942106604576,0.008147769449087438
2023-09-11,0.008581922,0.0147932945,0.012977729,0.011175759,0.013885511,0.021689942106604576,0.008345923138346157
2023-09-12,0.007555152,0.0147932945,0.01308154,0.011169206,0.013937417,0.021689942106604576,0.00825153862519946
2023-09-13,0.01077667,0.0147932945,0.013444035,0.01114632,0.014118665,0.021689942106604576,0.008749343006916422
2023-09-14,0.010663292,0.0147932945,0.013460173,0.011145301,0.014126734,0.021689942106604576,0.009493451104196889
2023-09-15,0.01068846,0.0147932945,0.013220852,0.011160411,0.014007073,0.021689942106604576,0.00962775091583871
2023-09-18,0.019168079,0.0147932945,0.01338094,0.011150304,0.014087117,0.021689942106604576,0.008756621297490474
2023-09-19,0.019253748,0.0147932945,0.013076999,0.011169493,0.013935147,0.021689942106604576,0.008221088629666176
2023-09-20,0.02582464,0.0147932945,0.01341522,0.01114814,0.014104257,0.021689942106604576,0.009192521809746411
2023-09-21,0.025976038,0.0147932945,0.013709009,0.011129592,0.014251152,0.021689942106604576,0.00866005135187377
2023-09-22,0.026326828,0.01486236,0.014186735,0.011204375,0.014524547,0.021689942106604576,0.008593745062661931
2023-09-25,0.030880326,0.0147932945,0.015293237,0.011029577,0.015043266,0.021689942106604576,0.008581922148009749
2023-09-26,0.030553069,0.01486236,0.0156221315,0.011113755,0.015242246,0.021689942106604576,0.007555151747579805
2023-09-27,0.028289331,0.014916356,0.015627176,0.011195479,0.015271766,0.021689942106604576,0.01077666946079129
2023-09-28,0.028625049,0.015694816,0.01567403,0.012375345,0.015684422,0.021689942106604576,0.010663292603798452
2023-09-29,0.03540022,0.017134972,0.015064729,0.014602045,0.016099852,0.021689942106604576,0.010688459998389205
2023-10-02,0.032027673,0.018027619,0.016147373,0.015890019,0.017087497,0.021689942106604576,0.019168078823163525
2023-10-03,0.032033738,0.01881471,0.016630424,0.017055463,0.017722568,0.021689942106604576,0.01925374713392942
2023-10-04,0.025388507,0.02075334,0.017162701,0.01996749,0.018958021,0.021689942106604576,0.02582463924118348
2023-10-05,0.023562765,0.02154531,0.020068148,0.020987414,0.02080673,0.021689942106604576,0.025976037501817668
2023-10-06,0.023846261,0.022314612,0.022155007,0.022024576,0.022234809,0.021689942106604576,0.026326827490608093
2023-10-09,0.023010552,0.02154531,0.02478033,0.020689923,0.02316282,0.021689942106604576,0.030880326023511304
2023-10-10,0.023939501,0.022729825,0.02508466,0.022470515,0.023907242,0.021689942106604576,0.030553069385485774
2023-10-11,0.023592528,0.022861157,0.025267964,0.02265849,0.02406456,0.021689942106604576,0.028289330589332827
2023-10-12,0.025400378,0.021676641,0.02500027,0.020875588,0.023338456,0.021689942106604576,0.02862504845858177
2023-10-13,0.020035252,0.02154531,0.02432475,0.020718686,0.02293503,0.021689942106604576,0.035400219783278154
2023-10-16,0.022421503,0.024465822,0.024446387,0.025148552,0.024456104,0.021689942106604576,0.032027672831724294
2023-10-17,0.0223602,0.024537915,0.024013411,0.02528543,0.024275664,0.021689942106604576,0.03203373611787031
2023-10-18,0.022859368,0.023071678,0.023947963,0.0230617,0.02350982,0.021689942106604576,0.025388506679292436
2023-10-19,0.024743069,0.024597153,0.024107307,0.02536951,0.02435223,0.021689942106604576,0.0235627649932004
2023-10-20,0.02523483,0.026273912,0.023426002,0.02796026,0.024849957,0.021689942106604576,0.02384626029318293
2023-10-23,0.024675095,0.026273912,0.023415266,0.027960937,0.024844589,0.021689942106604576,0.023010550999053893
2023-10-24,0.027128303,0.02281706,0.022354424,0.022775427,0.022585742,0.021689942106604576,0.023939500680708988
2023-10-25,0.025313592,0.021567889,0.022079527,0.02089474,0.021823708,0.021689942106604576,0.02359252875353919
2023-10-26,0.025522145,0.024159065,0.022791699,0.024786916,0.023475382,0.021689942106604576,0.02540037770617759
2023-10-27,0.023886237,0.024342535,0.021990782,0.025116254,0.023166658,0.021689942106604576,0.020035252067506303
2023-10-30,0.023393905,0.025961202,0.023341384,0.027490456,0.024651293,0.021689942106604576,0.022421503393943627
2023-10-31,0.02339018,0.024342535,0.02224958,0.025099918,0.023296058,0.021689942106604576,0.022360199212959044
2023-11-01,0.021840407,0.022801202,0.02141419,0.02281069,0.022107696,0.021689942106604576,0.02285936917191907
2023-11-02,0.022909787,0.021567889,0.021525852,0.020929694,0.02154687,0.021689942106604576,0.024743069009965903
2023-11-03,0.027661575,0.021567889,0.02113743,0.020954214,0.02135266,0.021689942106604576,0.02523482996917025
2023-11-06,0.028802907,0.020154487,0.021368304,0.018792061,0.020761397,0.021689942106604576,0.024675096366923444
2023-11-07,0.02525866,0.019782102,0.021374598,0.018225845,0.02057835,0.021689942106604576,0.027128302730266503
2023-11-08,0.023659907,0.020023156,0.020989168,0.018616445,0.020506162,0.021689942106604576,0.025313591957410893
2023-11-09,0.024441645,0.021436557,0.020848883,0.020772882,0.021142721,0.021689942106604576,0.025522144474690152
2023-11-10,0.023794677,0.021567889,0.020914622,0.02096828,0.021241255,0.021689942106604576,0.02388623723230728
2023-11-13,0.024456432,0.020154487,0.02123782,0.0188003,0.020696154,0.021689942106604576,0.023393904897153962
2023-11-14,0.025131712,0.020023156,0.021561753,0.018580297,0.020792454,0.021689942106604576,0.023390178967909153
2023-11-15,0.024521565,0.019782102,0.021499582,0.018217955,0.020640843,0.021689942106604576,0.021840407155417824
2023-11-16,0.02484595,0.021207672,0.020988,0.020416321,0.021097835,0.021689942106604576,0.02290978705152883
2023-11-17,0.021007964,0.022591831,0.021105645,0.022512045,0.021848738,0.021689942106604576,0.02766157410984906
2023-11-20,0.019261928,0.022361794,0.02196618,0.022108186,0.022163987,0.021689942106604576,0.028802907757202185
2023-11-21,0.021426301,0.019913433,0.02237878,0.018361999,0.021146107,0.021689942106604576,0.025258659712465898
2023-11-22,0.021501565,0.019782102,0.02279086,0.018136432,0.02128648,0.021689942106604576,0.02365990740319516
2023-11-24,0.023817627,0.0224605,0.02308044,0.022187818,0.02277047,0.021689942106604576,0.02444164517240225
2023-11-27,0.023960436,0.024326677,0.024197362,0.024952851,0.024262019,0.021689942106604576,0.02379467768314615
2023-11-28,0.024012143,0.024326677,0.024125353,0.024957396,0.024226014,0.021689942106604576,0.024456432389800015
2023-11-29,0.023589186,0.023918701,0.025230817,0.024267714,0.02457476,0.021689942106604576,0.02513171107372996
2023-11-30,0.027128749,0.023614623,0.024849487,0.023829758,0.024232056,0.021689942106604576,0.02452156433788855
2023-12-01,0.02298853,0.020936225,0.02462216,0.019774439,0.022779193,0.021689942106604576,0.024845949577851353
2023-12-04,0.023704484,0.019505879,0.025684696,0.017534034,0.022595286,0.021689942106604576,0.021007963817453866
2023-12-05,0.023899747,0.019782102,0.025988901,0.017934533,0.022885501,0.021689942106604576,0.01926192891030313
2023-12-06,0.0191047,0.019505879,0.026365262,0.017491069,0.02293557,0.021689942106604576,0.02142630082241771
2023-12-07,0.019137217,0.020966617,0.025939941,0.019737426,0.02345328,0.021689942106604576,0.021501565969667073
2023-12-08,0.018417418,0.019913433,0.025783304,0.018147064,0.022848368,0.021689942106604576,0.023817625949438023
2023-12-11,0.019529196,0.019505879,0.025505759,0.017545331,0.02250582,0.021689942106604576,0.023960436661253363
2023-12-12,0.015110983,0.019505879,0.025533153,0.0175436,0.022519516,0.021689942106604576,0.024012143251514025
2023-12-13,0.01676318,0.019505879,0.024687137,0.017597012,0.022096507,0.021689942106604576,0.023589185781997556
2023-12-14,0.014969621,0.019505879,0.023893861,0.017647093,0.02169987,0.021689942106604576,0.027128747751395822
2023-12-15,0.015947234,0.019505879,0.023518272,0.017670805,0.021512076,0.021689942106604576,0.022988529353790924
2023-12-18,0.015904596,0.019505879,0.02332725,0.017682865,0.021416564,0.021689942106604576,0.02370448407750275
2023-12-19,0.015735602,0.019505879,0.022701848,0.017722348,0.021103863,0.021689942106604576,0.023899747170578214
2023-12-20,0.01708117,0.019505879,0.022392096,0.017741904,0.020948987,0.021689942106604576,0.019104700425305727
2023-12-21,0.01972005,0.01913105,0.02197894,0.017198456,0.020554995,0.021689942106604576,0.01913721618709236
2023-12-22,0.024141585,0.01913105,0.021163251,0.017249953,0.02014715,0.021689942106604576,0.018417417822854183
2023-12-26,0.001219918,0.01913105,0.021129271,0.017252099,0.020130161,0.021689942106604576,0.019529195539803857
