Date,Actual,Pred,Train_Mean_Baseline,Actual_Brent_t_plus_h,Pred_Brent_t_plus_h,Random_Walk_Brent_t_plus_h
2022-07-01,-0.0414268432158369,-0.001516271,-0.0020463969561580063,107.0999984741211,111.4608610552441,111.62999725341797
2022-07-05,-0.032436333842995484,-0.001516271,-0.0020463969561580063,99.48999786376953,102.6142846754392,102.7699966430664
2022-07-06,-0.011185602839227173,-0.001516271,-0.0020463969561580063,99.56999969482422,100.53744197713968,100.69000244140625
2022-07-07,-0.05449203753421445,-0.001516271,-0.0020463969561580063,99.0999984741211,104.49144106872154,104.6500015258789
2022-07-08,-0.056312243512885926,-0.001516271,-0.0020463969561580063,101.16000366210938,106.85784528764088,107.0199966430664
2022-07-11,-0.00777996941058732,-0.001516271,-0.0020463969561580063,106.2699966430664,106.93772590391563,107.0999984741211
2022-07-12,0.07603739498127682,-0.001516271,-0.0020463969561580063,107.3499984741211,99.339255586523,99.48999786376953
2022-07-13,0.0712199628101976,-0.001516271,-0.0020463969561580063,106.91999816894533,99.41913620279774,99.56999969482422
2022-07-14,0.04691441835427195,-0.001516271,-0.0020463969561580063,103.86000061035156,98.94984710447716,99.0999984741211
2022-07-15,0.019965365473241282,-0.001516271,-0.0020463969561580063,103.19999694824219,101.00673107546027,101.16000366210938
2022-07-18,-0.010595077135722154,-0.001516271,-0.0020463969561580063,105.1500015258789,106.10898165019353,106.2699966430664
2022-07-19,-0.027864820046497436,-0.001516271,-0.0020463969561580063,104.4000015258789,107.18734711639809,107.3499984741211
2022-07-20,-0.0028097369901620476,-0.001516271,-0.0020463969561580063,106.62000274658203,106.75799832621487,106.91999816894531
2022-07-21,0.031092540463198898,-0.001516271,-0.0020463969561580063,107.13999938964844,103.70263712313681,103.86000061035156
2022-07-22,0.06390246669369054,-0.001516271,-0.0020463969561580063,110.01000213623047,103.0436334656224,103.19999694824219
2022-07-25,-0.04991778786643903,-0.001516271,-0.0020463969561580063,100.02999877929688,104.99068349368645,105.1500015258789
2022-07-26,-0.03767402269370699,-0.001516271,-0.0020463969561580063,100.54000091552734,104.24181985623909,104.4000015258789
2022-07-27,-0.0968307884030945,-0.001516271,-0.0020463969561580063,96.77999877929688,106.45845744193684,106.62000274658203
2022-07-28,-0.1295657917151819,-0.001516271,-0.0020463969561580063,94.12000274658203,106.97766621205301,107.13999938964844
2022-07-29,-0.14753687789279776,-0.001516271,-0.0020463969561580063,94.91999816894531,109.84332047377211,110.01000213623047
2022-08-01,-0.03437390735170302,-0.001516271,-0.0020463969561580063,96.6500015258789,99.87843831962527,100.02999877929688
2022-08-02,-0.04298353714721447,-0.001516271,-0.0020463969561580063,96.30999755859375,100.38766772608324,100.54000091552734
2022-08-03,0.006385877562600332,-0.001516271,-0.0020463969561580063,97.40000152587892,96.6333625573534,96.77999877929688
2022-08-04,0.056591556229617285,-0.001516271,-0.0020463969561580063,99.5999984741211,93.97739681781422,94.12000274658203
2022-08-05,0.03346252399180933,-0.001516271,-0.0020463969561580063,98.15000152587892,94.77618012705716,94.91999816894531
2022-08-08,-0.016167267935665305,-0.001516271,-0.0020463969561580063,95.0999984741211,96.50356226928307,96.6500015258789
2022-08-09,-0.04209475280344403,-0.001516271,-0.0020463969561580063,92.33999633789062,96.1640734590328,96.30999755859375
2022-08-10,-0.039261781131078415,-0.001516271,-0.0020463969561580063,93.6500015258789,97.25242590673042,97.4000015258789
2022-08-11,-0.030686970993239002,-0.001516271,-0.0020463969561580063,96.58999633789062,99.44908952944206,99.5999984741211
2022-08-12,-0.014676717341330105,-0.001516271,-0.0020463969561580063,96.72000122070312,98.00128954417778,98.1500015258789
2022-08-15,0.01440681426661181,-0.001516271,-0.0020463969561580063,96.4800033569336,94.95590770475792,95.0999984741211
2022-08-16,0.08189040429194219,-0.001516271,-0.0020463969561580063,100.22000122070314,92.20008738595789,92.33999633789062
2022-08-17,0.07773193266231364,-0.001516271,-0.0020463969561580063,101.22000122070312,93.50810771949364,93.6500015258789
2022-08-18,0.028073094537561016,-0.001516271,-0.0020463969561580063,99.33999633789062,96.44364799815958,96.58999633789062
2022-08-19,0.04320126195803706,-0.001516271,-0.0020463969561580063,100.98999786376953,96.57345590406476,96.72000122070312
2022-08-22,0.08548132325717894,-0.001516271,-0.0020463969561580063,105.08999633789061,96.33382167307536,96.4800033569336
2022-08-23,-0.009121535380236303,-0.001516271,-0.0020463969561580063,99.30999755859375,100.06815287881909,100.22000122070312
2022-08-24,-0.04785702395293772,-0.001516271,-0.0020463969561580063,96.48999786376953,101.0666377287489,101.22000122070312
2022-08-25,-0.07285428172011328,-0.001516271,-0.0020463969561580063,92.36000061035156,99.18948133546655,99.33999633789062
2022-08-26,-0.0822069931779232,-0.001516271,-0.0020463969561580063,93.0199966430664,100.83698286141771,100.98999786376953
2022-08-29,-0.12404720789348432,-0.001516271,-0.0020463969561580063,92.83000183105469,104.93076922256296,105.08999633789062
2022-08-30,-0.12090943185337046,-0.001516271,-0.0020463969561580063,88.0,99.15952800882224,99.30999755859375
2022-08-31,-0.07911899246788556,-0.001516271,-0.0020463969561580063,89.1500015258789,96.34380103673357,96.48999786376953
2022-09-01,0.005183550866160595,-0.001516271,-0.0020463969561580063,92.83999633789062,92.220061348944,92.36000061035156
2022-09-02,0.010480294562352851,-0.001516271,-0.0020463969561580063,94.0,92.87905738862355,93.0199966430664
2022-09-06,0.0036558786728406838,-0.001516271,-0.0020463969561580063,93.16999816894531,92.68935044726459,92.83000183105469
2022-09-07,0.06702121589762347,-0.001516271,-0.0020463969561580063,94.09999847412108,87.86666679382324,88.0
2022-09-08,0.018779315498506165,-0.001516271,-0.0020463969561580063,90.83999633789062,89.0149258948095,89.1500015258789
2022-09-09,-0.016179275840492,-0.001516271,-0.0020463969561580063,91.3499984741211,92.69932981092279,92.83999633789062
2022-09-12,-0.02150620522096362,-0.001516271,-0.0020463969561580063,92.0,93.8575758934021,94.0
2022-09-13,-0.02775079226172192,-0.001516271,-0.0020463969561580063,90.62000274658203,93.02883163967999,93.16999816894531
2022-09-14,-0.04643901475116057,-0.001516271,-0.0020463969561580063,89.83000183105469,93.95742285482811,94.0999984741211
2022-09-15,-0.004191922994615783,-0.001516271,-0.0020463969561580063,90.45999908447266,90.70236011106317,90.83999633789062
2022-09-16,-0.058608285434536715,-0.001516271,-0.0020463969561580063,86.1500015258789,91.21158951752113,91.3499984741211
2022-09-19,-0.09025777651568481,-0.001516271,-0.0020463969561580063,84.05999755859375,91.86060619354248,92.0
2022-09-20,-0.04919309537123548,-0.001516271,-0.0020463969561580063,86.2699966430664,90.48269984305989,90.62000274658203
2022-09-21,-0.005693592069369004,-0.001516271,-0.0020463969561580063,89.31999969482422,89.69389589747516,89.83000183105469
2022-09-22,-0.02201822679056617,-0.001516271,-0.0020463969561580063,88.48999786376953,90.32293861051039,90.45999908447266
2022-09-23,0.02079217459228577,-0.001516271,-0.0020463969561580063,87.95999908447266,86.01947134502007,86.1500015258789
2022-09-26,0.05553130384309423,-0.001516271,-0.0020463969561580063,88.86000061035156,83.93263404739264,84.05999755859375
2022-09-27,0.06213045669345278,-0.001516271,-0.0020463969561580063,91.8000030517578,86.13928465159734,86.2699966430664
2022-09-28,0.04434470035664201,-0.001516271,-0.0020463969561580063,93.37000274658203,89.1846664910172,89.31999969482422
2022-09-29,0.06486336858714997,-0.001516271,-0.0020463969561580063,94.41999816894531,88.35592223729509,88.48999786376953
2022-09-30,0.10726864478641,-0.001516271,-0.0020463969561580063,97.91999816894531,87.82672648568587,87.95999908447266
2022-10-03,0.07926332316915577,-0.001516271,-0.0020463969561580063,96.19000244140625,88.72536437418967,88.86000061035156
2022-10-04,0.02676281831728967,-0.001516271,-0.0020463969561580063,94.29000091552734,91.66091227069046,91.80000305175781
2022-10-05,-0.009902199088628584,-0.001516271,-0.0020463969561580063,92.44999694824219,93.22853318036687,93.37000274658203
2022-10-06,0.0015874020749545327,-0.001516271,-0.0020463969561580063,94.56999969482423,94.27693770209225,94.41999816894531
2022-10-07,-0.06639210106210088,-0.001516271,-0.0020463969561580063,91.62999725341797,97.77163467684659,97.91999816894531
2022-10-10,-0.04867580910903541,-0.001516271,-0.0020463969561580063,91.62000274658203,96.04426015245554,96.19000244140625
2022-10-11,-0.0462322146257461,-0.001516271,-0.0020463969561580063,90.02999877929688,94.14713741402193,94.29000091552734
2022-10-12,-0.00043268729443602223,-0.001516271,-0.0020463969561580063,92.41000366210938,92.30992132887695,92.44999694824219
2022-10-13,-0.023429822529328067,-0.001516271,-0.0020463969561580063,92.37999725341797,94.4267119531487,94.56999969482422
2022-10-14,0.02020273729222287,-0.001516271,-0.0020463969561580063,93.5,91.4911640566479,91.62999725341797
2022-10-17,0.017741695849785553,-0.001516271,-0.0020463969561580063,93.26000213623045,91.4811846929897,91.62000274658203
2022-10-18,0.03803234670692054,-0.001516271,-0.0020463969561580063,93.5199966430664,89.89358982032718,90.02999877929688
2022-10-19,0.03487858777599643,-0.001516271,-0.0020463969561580063,95.69000244140624,92.26998863857443,92.41000366210938
2022-10-20,0.04838803760757454,-0.001516271,-0.0020463969561580063,96.95999908447266,92.24002769409526,92.37999725341797
2022-10-21,0.0239880121868489,-0.001516271,-0.0020463969561580063,95.7699966430664,93.3583334684372,93.5
2022-10-24,0.016694519918092565,-0.001516271,-0.0020463969561580063,94.83000183105469,93.1186992374478,93.26000213623047
2022-10-25,0.012010612508151724,-0.001516271,-0.0020463969561580063,94.6500015258789,93.37829981358846,93.5199966430664
2022-10-26,0.004899683565522605,-0.001516271,-0.0020463969561580063,96.16000366210938,95.54501772749063,95.69000244140625
2022-10-27,-0.02390137207933061,-0.001516271,-0.0020463969561580063,94.66999816894531,96.81309013505415,96.95999908447266
2022-10-28,0.028817504099826315,-0.001516271,-0.0020463969561580063,98.56999969482422,95.62489072593053,95.7699966430664
2022-10-31,0.03206496586007107,-0.001516271,-0.0020463969561580063,97.91999816894531,94.6863201471242,94.83000183105469
2022-11-01,0.007473315940929255,-0.001516271,-0.0020463969561580063,95.36000061035156,94.50659256942345,94.6500015258789
2022-11-02,-0.037184539669747024,-0.001516271,-0.0020463969561580063,92.6500015258789,96.01430682581122,96.16000366210938
2022-11-03,-0.010619193126245595,-0.001516271,-0.0020463969561580063,93.66999816894531,94.52655891457471,94.66999816894531
2022-11-04,-0.026522955460590164,-0.001516271,-0.0020463969561580063,95.98999786376953,98.42065135286794,98.56999969482422
2022-11-07,-0.05004706906334342,-0.001516271,-0.0020463969561580063,93.13999938964844,97.77163467684659,97.91999816894531
2022-11-08,-0.01585489284848008,-0.001516271,-0.0020463969561580063,93.86000061035156,95.21551589873343,95.36000061035156
2022-11-09,0.0022640199639403723,-0.001516271,-0.0020463969561580063,92.86000061035156,92.50962286956383,92.6500015258789
2022-11-10,-0.042415727915926335,-0.001516271,-0.0020463969561580063,89.77999877929688,93.5280740646449,93.66999816894531
2022-11-11,-0.09123468338845502,-0.001516271,-0.0020463969561580063,87.62000274658203,95.84455861176866,95.98999786376953
2022-11-14,-0.06303656443373884,-0.001516271,-0.0020463969561580063,87.44999694824219,92.99887831303568,93.13999938964844
2022-11-15,-0.06038493140958687,-0.001516271,-0.0020463969561580063,88.36000061035156,93.71778862383871,93.86000061035156
2022-11-16,-0.08362975632971316,-0.001516271,-0.0020463969561580063,85.41000366210938,92.7193037739089,92.86000061035156
2022-11-17,-0.07095994520581447,-0.001516271,-0.0020463969561580063,83.62999725341797,89.64396860784473,89.77999877929688
2022-11-18,-0.051882136089122954,-0.001516271,-0.0020463969561580063,83.19000244140625,87.48724529327046,87.62000274658203
2022-11-21,-0.051865192995450525,-0.001516271,-0.0020463969561580063,83.02999877929688,87.3174970792279,87.44999694824219
2022-11-22,-0.033722054723712085,-0.001516271,-0.0020463969561580063,85.43000030517578,88.22612194922476,88.36000061035156
2022-11-23,0.017064591737234593,-0.001516271,-0.0020463969561580063,86.87999725341798,85.28059468906577,85.41000366210938
2022-11-25,0.022932476312208724,-0.001516271,-0.0020463969561580063,85.56999969482422,83.50328525720943,83.62999725341797
2022-11-28,-0.00614943913853368,-0.001516271,-0.0020463969561580063,82.68000030517578,83.06395710336801,83.19000244140625
2022-11-29,-0.045333545829296454,-0.001516271,-0.0020463969561580063,79.3499984741211,82.90419587081851,83.02999877929688
2022-11-30,-0.10168657399379344,-0.001516271,-0.0020463969561580063,77.16999816894531,85.30056103421703,85.43000030517578
2022-12-01,-0.13182272519313523,-0.001516271,-0.0020463969561580063,76.1500015258789,86.74836101948131,86.87999725341797
2022-12-02,-0.11728650604690707,-0.001516271,-0.0020463969561580063,76.0999984741211,85.44034830378041,85.56999969482422
2022-12-05,-0.05839715255329018,-0.001516271,-0.0020463969561580063,77.98999786376953,82.55472769691005,82.68000030517578
2022-12-06,0.016622289125866628,-0.001516271,-0.0020463969561580063,80.68000030517578,79.22977131836342,79.3499984741211
2022-12-07,0.06920880838613364,-0.001516271,-0.0020463969561580063,82.69999694824219,77.05307404080304,77.16999816894531
2022-12-08,0.06433328164176422,-0.001516271,-0.0020463969561580063,81.20999908447266,76.03462284572197,76.1500015258789
2022-12-09,0.03790582020603242,-0.001516271,-0.0020463969561580063,79.04000091552734,75.98469555609154,76.0999984741211
2022-12-12,0.022942956747017032,-0.001516271,-0.0020463969561580063,79.80000305175781,77.87183131303209,77.98999786376953
2022-12-13,-0.00858911671404567,-0.001516271,-0.0020463969561580063,79.98999786376953,80.55775799705043,80.68000030517578
2022-12-14,-0.006064300191973318,-0.001516271,-0.0020463969561580063,82.19999694824219,82.57469404206131,82.69999694824219
2022-12-15,-0.0028361289628662254,-0.001516271,-0.0020463969561580063,80.9800033569336,81.08695374865965,81.20999908447266
2022-12-16,0.05990987724629024,-0.001516271,-0.0020463969561580063,83.91999816894531,78.92024345259233,79.04000091552734
2022-12-19,0.055214152601177686,-0.001516271,-0.0020463969561580063,84.33000183105469,79.67909407153275,79.80000305175781
2022-12-20,0.040066667269662126,-0.001516271,-0.0020463969561580063,83.26000213623047,79.86880101289171,79.98999786376953
2022-12-21,0.0007297238354011209,-0.001516271,-0.0020463969561580063,82.26000213623047,82.0754516170964,82.19999694824219
2022-12-22,0.05909802721936702,-0.001516271,-0.0020463969561580063,85.91000366210938,80.85730649916331,80.9800033569336
2022-12-23,-0.021925944396222904,-0.001516271,-0.0020463969561580063,82.0999984741211,83.79284677782925,83.91999816894531
2022-12-27,-0.08008230446839666,-0.001516271,-0.0020463969561580063,77.83999633789062,84.2022292228612,84.33000183105469
2022-12-28,-0.05645215385165898,-0.001516271,-0.0020463969561580063,78.69000244140625,83.1338507381497,83.26000213623047
2022-12-29,-0.0458950454679231,-0.001516271,-0.0020463969561580063,78.56999969482422,82.1353658882199,82.26000213623047
2022-12-30,-0.07565822376388442,-0.001516271,-0.0020463969561580063,79.6500015258789,85.77983711403067,85.91000366210938
2023-01-03,-0.024662162848129308,-0.001516271,-0.0020463969561580063,80.0999984741211,81.9756046556704,82.0999984741211
2023-01-04,0.06020136628449953,-0.001516271,-0.0020463969561580063,82.66999816894531,77.72205706197565,77.83999633789062
2023-01-05,0.06565774984062075,-0.001516271,-0.0020463969561580063,84.02999877929688,78.57077527868387,78.69000244140625
2023-01-06,0.08195000279986915,-0.001516271,-0.0020463969561580063,85.27999877929688,78.45095435427174,78.56999969482422
2023-01-09,0.07577455393603957,-0.001516271,-0.0020463969561580063,85.91999816894531,79.5293198204763,79.6500015258789
2023-01-10,0.059140139164656796,-0.001516271,-0.0020463969561580063,84.9800033569336,79.97863495581078,80.0999984741211
2023-01-11,0.041349318236100954,-0.001516271,-0.0020463969561580063,86.16000366210938,82.54474071541699,82.66999816894531
2023-01-12,0.04194951031168173,-0.001516271,-0.0020463969561580063,87.62999725341798,83.90268072074832,84.02999877929688
2023-01-13,0.033553659480097434,-0.001516271,-0.0020463969561580063,88.19000244140625,85.15078678316058,85.27999877929688
2023-01-17,0.00244114146288888,-0.001516271,-0.0020463969561580063,86.12999725341795,85.78981647768887,85.91999816894531
2023-01-18,0.01332573019936522,-0.001516271,-0.0020463969561580063,86.12000274658205,84.85124589888255,84.9800033569336
2023-01-19,0.015089816035718287,-0.001516271,-0.0020463969561580063,87.47000122070314,86.02945832651312,86.16000366210938
2023-01-20,-0.011130915154695296,-0.001516271,-0.0020463969561580063,86.66000366210938,87.49722465692867,87.62999725341797
2023-01-23,-0.03801949429360842,-0.001516271,-0.0020463969561580063,84.9000015258789,88.05638135301706,88.19000244140625
2023-01-24,-0.01922459203135839,-0.001516271,-0.0020463969561580063,84.48999786376953,85.99949738203395,86.12999725341797
2023-01-25,-0.038830712068296594,-0.001516271,-0.0020463969561580063,82.83999633789062,85.98951801837575,86.12000274658203
2023-01-26,-0.06250564172808204,-0.001516271,-0.0020463969561580063,82.16999816894531,87.33747104221402,87.47000122070312
2023-01-27,-0.08071607474646075,-0.001516271,-0.0020463969561580063,79.94000244140625,86.52870075147803,86.66000366210938
2023-01-30,-0.0471484474055362,-0.001516271,-0.0020463969561580063,80.98999786376953,84.7713652826078,84.9000015258789
2023-01-31,-0.009513633664126012,-0.001516271,-0.0020463969561580063,83.69000244140625,84.36198283757585,84.48999786376953
2023-02-01,0.026798484503030757,-0.001516271,-0.0020463969561580063,85.08999633789064,82.7144813116247,82.83999633789062
2023-02-02,0.027961284703769126,-0.001516271,-0.0020463969561580063,84.5,82.04549829045209,82.16999816894531
2023-02-03,0.07759553748206041,-0.001516271,-0.0020463969561580063,86.38999938964844,79.81888134109613,79.94000244140625
2023-02-06,0.06708962550565306,-0.001516271,-0.0020463969561580063,86.61000061035156,80.86728586282152,80.98999786376953
2023-02-07,0.022332107167694328,-0.001516271,-0.0020463969561580063,85.58000183105469,83.56319952833292,83.69000244140625
2023-02-08,0.00340237233750452,-0.001516271,-0.0020463969561580063,85.37999725341795,84.96107222396677,85.08999633789062
2023-02-09,0.007545418868078856,-0.001516271,-0.0020463969561580063,85.13999938964844,84.37196981906891,84.5
2023-02-10,-0.04003131350912295,-0.001516271,-0.0020463969561580063,83.0,86.25910557600946,86.38999938964844
2023-02-13,-0.04197241658474573,-0.001516271,-0.0020463969561580063,83.05000305175781,86.4787734618476,86.61000061035156
2023-02-14,-0.05995300180341297,-0.001516271,-0.0020463969561580063,80.5999984741211,85.45033528527347,85.58000183105469
2023-02-15,-0.037834911133305116,-0.001516271,-0.0020463969561580063,82.20999908447266,85.2506337445866,85.37999725341797
2023-02-16,-0.02353044620448657,-0.001516271,-0.0020463969561580063,83.16000366210938,85.0109995135972,85.13999938964844
2023-02-17,-0.006648595804426896,-0.001516271,-0.0020463969561580063,82.44999694824219,82.8742425441742,83.0
2023-02-21,0.010063536777252172,-0.001516271,-0.0020463969561580063,83.88999938964844,82.92416983380463,83.05000305175781
2023-02-22,0.04500182239600836,-0.001516271,-0.0020463969561580063,84.30999755859375,80.47787738077568,80.5999984741211
2023-02-23,0.030428808232965097,-0.001516271,-0.0020463969561580063,84.75,82.08543859858946,82.20999908447266
2023-02-24,0.031602110036912295,-0.001516271,-0.0020463969561580063,85.83000183105469,83.0340037767237,83.16000366210938
2023-02-27,0.044246123736664804,-0.001516271,-0.0020463969561580063,86.18000030517578,82.32507282957886,82.44999694824219
2023-02-28,-0.007177904643292536,-0.001516271,-0.0020463969561580063,83.29000091552734,83.76289345118494,83.88999938964844
2023-03-01,-0.01976459959022229,-0.001516271,-0.0020463969561580063,82.66000366210938,84.18225525987509,84.30999755859375
2023-03-02,-0.03799908570414375,-0.001516271,-0.0020463969561580063,81.58999633789062,84.62159103155136,84.75
2023-03-03,-0.0361821454893999,-0.001516271,-0.0020463969561580063,82.77999877929688,85.69995649775592,85.83000183105469
2023-03-06,-0.06483256783627087,-0.001516271,-0.0020463969561580063,80.7699966430664,86.04942467166438,86.18000030517578
2023-03-07,-0.07269597747935755,-0.001516271,-0.0020463969561580063,77.44999694824219,83.16380406479402,83.29000091552734
2023-03-08,-0.11486871547719354,-0.001516271,-0.0020463969561580063,73.69000244140625,82.53476135175879,82.66000366210938
2023-03-09,-0.08822660927116342,-0.001516271,-0.0020463969561580063,74.69999694824219,81.46637524921243,81.58999633789062
2023-03-10,-0.12613805706786888,-0.001516271,-0.0020463969561580063,72.97000122070312,82.65457465833606,82.77999877929688
2023-03-13,-0.09038233441508892,-0.001516271,-0.0020463969561580063,73.79000091552734,80.64761797698338,80.7699966430664
2023-03-14,-0.027886827722706856,-0.001516271,-0.0020463969561580063,75.31999969482422,77.33264857992981,77.44999694824219
2023-03-15,0.0399042157018331,-0.001516271,-0.0020463969561580063,76.69000244140625,73.57835102903482,73.69000244140625
2023-03-16,0.016068424986202343,-0.001516271,-0.0020463969561580063,75.91000366210938,74.58681524262283,74.69999694824219
2023-03-17,0.027306328320062412,-0.001516271,-0.0020463969561580063,74.98999786376953,72.85944071823178,72.97000122070312
2023-03-20,0.057022907689501745,-0.001516271,-0.0020463969561580063,78.12000274658203,73.67819799046083,73.79000091552734
2023-03-21,0.04326194916793414,-0.001516271,-0.0020463969561580063,78.6500015258789,75.20587859199986,75.31999969482422
2023-03-22,0.02052077332230601,-0.001516271,-0.0020463969561580063,78.27999877929688,76.57380557882425,76.69000244140625
2023-03-23,0.0433112282295123,-0.001516271,-0.0020463969561580063,79.2699966430664,75.79498861473257,75.91000366210938
2023-03-24,0.06179270901395318,-0.001516271,-0.0020463969561580063,79.7699966430664,74.87637676324266,74.98999786376953
2023-03-27,0.08358125021820267,-0.001516271,-0.0020463969561580063,84.93000030517578,78.00163921893727,78.12000274658203
2023-03-28,0.07693750472267731,-0.001516271,-0.0020463969561580063,84.94000244140625,78.5308349705465,78.6500015258789
2023-03-29,0.08224145044164036,-0.001516271,-0.0020463969561580063,84.98999786376953,78.16139283365192,78.27999877929688
2023-03-30,0.07120235335954249,-0.001516271,-0.0020463969561580063,85.12000274658203,79.14989070208867,79.2699966430664
2023-03-31,0.05380991512732149,-0.001516271,-0.0020463969561580063,84.18000030517578,79.64913312705357,79.7699966430664
2023-04-03,0.007974714498656311,-0.001516271,-0.0020463969561580063,85.61000061035156,84.80131860925212,84.93000030517578
2023-04-04,0.02774891376487643,-0.001516271,-0.0020463969561580063,87.33000183105469,84.81130559074518,84.94000244140625
2023-04-05,0.012859640756257534,-0.001516271,-0.0020463969561580063,86.08999633789062,84.86122526254076,84.98999786376953
2023-04-06,0.013883380084574123,-0.001516271,-0.0020463969561580063,86.30999755859375,84.99103316844594,85.12000274658203
2023-04-10,0.006866391635682235,-0.001516271,-0.0020463969561580063,84.76000213623047,84.05245497180476,84.18000030517578
2023-04-11,-0.0098604388640139,-0.001516271,-0.0020463969561580063,84.7699966430664,85.48028861191779,85.61000061035156
2023-04-12,-0.049408687558169316,-0.001516271,-0.0020463969561580063,83.12000274658203,87.19768377265063,87.33000183105469
2023-04-13,-0.059710275825127876,-0.001516271,-0.0020463969561580063,81.0999984741211,85.95955707389658,86.08999633789062
2023-04-14,-0.05538110720783878,-0.001516271,-0.0020463969561580063,81.66000366210938,86.17922495973471,86.30999755859375
2023-04-17,-0.02424142482431221,-0.001516271,-0.0020463969561580063,82.7300033569336,84.63157801304442,84.76000213623047
2023-04-18,-0.04833609912725782,-0.001516271,-0.0020463969561580063,80.7699966430664,84.64155737670262,84.7699966430664
2023-04-19,-0.06755879944724415,-0.001516271,-0.0020463969561580063,77.69000244140625,82.99406346858632,83.12000274658203
2023-04-20,-0.03424170619546669,-0.001516271,-0.0020463969561580063,78.37000274658203,80.97711980574059,81.0999984741211
2023-04-21,-0.02630427944742484,-0.001516271,-0.0020463969561580063,79.54000091552734,81.53627650182898,81.66000366210938
2023-04-24,-0.042218140466925604,-0.001516271,-0.0020463969561580063,79.30999755859375,82.60465498654048,82.7300033569336
2023-04-25,-0.0698598681553363,-0.001516271,-0.0020463969561580063,75.31999969482422,80.64761797698338,80.7699966430664
2023-04-26,-0.07148757421082746,-0.001516271,-0.0020463969561580063,72.33000183105469,77.57229042875406,77.69000244140625
2023-04-27,-0.07785467425048817,-0.001516271,-0.0020463969561580063,72.5,78.25126043141972,78.37000274658203
2023-04-28,-0.05477987595598111,-0.001516271,-0.0020463969561580063,75.30000305175781,79.41948587755724,79.54000091552734
2023-05-01,-0.02942888202133693,-0.001516271,-0.0020463969561580063,77.01000213623047,79.18983101022604,79.30999755859375
2023-05-02,0.027757774757516097,-0.001516271,-0.0020463969561580063,77.44000244140625,75.20587859199986,75.31999969482422
2023-05-03,0.054874619410093924,-0.001516271,-0.0020463969561580063,76.41000366210936,72.22041102370349,72.33000183105469
2023-05-04,0.03363489421818935,-0.001516271,-0.0020463969561580063,74.9800033569336,72.3901516199112,72.5
2023-05-05,-0.015120444272641094,-0.001516271,-0.0020463969561580063,74.16999816894531,75.1859122468486,75.30000305175781
2023-05-08,-0.023385179096406437,-0.001516271,-0.0020463969561580063,75.2300033569336,76.8933204260884,77.01000213623047
2023-05-09,-0.033216032648165264,-0.001516271,-0.0020463969561580063,74.91000366210938,77.3226692162716,77.44000244140625
2023-05-10,0.007172168874735909,-0.001516271,-0.0020463969561580063,76.95999908447266,76.29423103969748,76.41000366210938
2023-05-11,0.011668088227697144,-0.001516271,-0.0020463969561580063,75.86000061035156,74.86639739958446,74.9800033569336
2023-05-12,0.018831991086853718,-0.001516271,-0.0020463969561580063,75.58000183105469,74.05761949101361,74.16999816894531
2023-05-15,0.010051592375296523,-0.001516271,-0.0020463969561580063,75.98999786376955,75.11601861206691,75.2300033569336
2023-05-16,0.02543784839488171,-0.001516271,-0.0020463969561580063,76.83999633789062,74.79650376480276,74.91000366210938
2023-05-17,0.018027806404104684,-0.001516271,-0.0020463969561580063,78.36000061035155,76.84339313645796,76.95999908447266
2023-05-18,0.005259038135365251,-0.001516271,-0.0020463969561580063,76.26000213623047,75.74506132510214,75.86000061035156
2023-05-19,0.017964098477864718,-0.001516271,-0.0020463969561580063,76.94999694824219,75.46548678597537,75.58000183105469
2023-05-22,-0.03277223624719349,-0.001516271,-0.0020463969561580063,73.54000091552734,75.87486161317247,75.98999786376953
2023-05-23,-0.05593421304778224,-0.001516271,-0.0020463969561580063,72.66000366210938,76.72357221204584,76.83999633789062
2023-05-24,-0.05347188081471173,-0.001516271,-0.0020463969561580063,74.27999877929688,78.24127344992667,78.36000061035156
2023-05-25,-0.0017062132012859636,-0.001516271,-0.0020463969561580063,76.12999725341797,76.14445678864104,76.26000213623047
2023-05-26,-0.0031237545896267956,-0.001516271,-0.0020463969561580063,76.70999908447266,76.8334061549649,76.94999694824219
2023-05-30,0.03671239178025336,-0.001516271,-0.0020463969561580063,76.29000091552734,73.42857677797838,73.54000091552734
2023-05-31,0.05736474343223738,-0.001516271,-0.0020463969561580063,76.94999694824219,72.5499128524607,72.66000366210938
2023-06-01,0.02236515384063047,-0.001516271,-0.0020463969561580063,75.95999908447266,74.16745343393268,74.27999877929688
2023-06-02,-0.017758170795711885,-0.001516271,-0.0020463969561580063,74.79000091552734,76.01464888273586,76.12999725341797
2023-06-05,-0.06559069301825687,-0.001516271,-0.0020463969561580063,71.83999633789062,76.59377192397551,76.70999908447266
2023-06-06,-0.026565514615348063,-0.001516271,-0.0020463969561580063,74.29000091552734,76.17441011528535,76.29000091552734
2023-06-07,-0.04996044134933205,-0.001516271,-0.0020463969561580063,73.19999694824219,76.8334061549649,76.94999694824219
2023-06-08,-0.0038251173827938364,-0.001516271,-0.0020463969561580063,75.66999816894531,75.84490828652815,75.95999908447266
2023-06-09,0.024043426050842417,-0.001516271,-0.0020463969561580063,76.61000061035156,74.67668284039064,74.79000091552734
2023-06-12,0.054975331487357525,-0.001516271,-0.0020463969561580063,75.9000015258789,71.73114796239679,71.83999633789062
2023-06-13,0.03738632042927282,-0.001516271,-0.0020463969561580063,77.12000274658203,74.17744041542574,74.29000091552734
2023-06-14,0.012759810213582431,-0.001516271,-0.0020463969561580063,74.13999938964844,73.08908796772812,73.19999694824219
2023-06-15,-0.024345768193014056,-0.001516271,-0.0020463969561580063,73.8499984741211,75.55534676590833,75.66999816894531
2023-06-16,-0.032233048320290725,-0.001516271,-0.0020463969561580063,74.18000030517578,76.4939249625495,76.61000061035156
2023-06-20,-0.04914594922278474,-0.001516271,-0.0020463969561580063,72.26000213623047,75.78500163323952,75.9000015258789
2023-06-21,-0.04089228595097963,-0.001516271,-0.0020463969561580063,74.02999877929688,77.00315436900746,77.12000274658203
2023-06-22,0.0026939261173106496,-0.001516271,-0.0020463969561580063,74.33999633789062,74.0276661643693,74.13999938964844
2023-06-23,0.014117922579867305,-0.001516271,-0.0020463969561580063,74.90000152587889,73.73810464374947,73.8499984741211
2023-06-26,0.006315968250205237,-0.001516271,-0.0020463969561580063,74.6500015258789,74.06760647250667,74.18000030517578
2023-06-27,0.05897886994231318,-0.001516271,-0.0020463969561580063,76.6500015258789,72.1505173889218,72.26000213623047
2023-06-28,0.033081700736332,-0.001516271,-0.0020463969561580063,76.5199966430664,73.91783222145023,74.02999877929688
2023-06-29,0.05406728608820745,-0.001516271,-0.0020463969561580063,78.47000122070311,74.22736008722131,74.33999633789062
2023-06-30,0.03657266949191446,-0.001516271,-0.0020463969561580063,77.69000244140625,74.78651678330971,74.9000015258789
2023-07-03,0.06168784304506842,-0.001516271,-0.0020463969561580063,79.4000015258789,74.53689557082726,74.6500015258789
2023-07-05,0.04415107262102498,-0.001516271,-0.0020463969561580063,80.11000061035156,76.53386527068687,76.6500015258789
2023-07-06,0.06133165854013171,-0.001516271,-0.0020463969561580063,81.36000061035156,76.40405736478169,76.5199966430664
2023-07-07,0.017683945621768102,-0.001516271,-0.0020463969561580063,79.87000274658203,78.35110739284573,78.47000122070312
2023-07-10,0.010372044401059474,-0.001516271,-0.0020463969561580063,78.49999999999999,77.57229042875406,77.69000244140625
2023-07-11,0.0028924843068445882,-0.001516271,-0.0020463969561580063,79.62999725341797,79.27969860799385,79.4000015258789
2023-07-12,-0.008146958981355522,-0.001516271,-0.0020463969561580063,79.45999908447266,79.98862193730383,80.11000061035156
2023-07-13,-0.0213672877100538,-0.001516271,-0.0020463969561580063,79.63999938964844,81.2367279997161,81.36000061035156
2023-07-14,0.014912627917813632,-0.001516271,-0.0020463969561580063,81.06999969482422,79.74898770631444,79.87000274658203
2023-07-17,0.05260451042630829,-0.001516271,-0.0020463969561580063,82.73999786376953,78.38106071949005,78.5
2023-07-18,0.04913099548551546,-0.001516271,-0.0020463969561580063,83.63999938964844,79.50934585749019,79.62999725341797
2023-07-19,0.042622526620806234,-0.001516271,-0.0020463969561580063,82.91999816894531,79.33960526128249,79.45999908447266
2023-07-20,0.05615337093474503,-0.001516271,-0.0020463969561580063,84.23999786376953,79.51933283898325,79.63999938964844
2023-07-21,0.04722060214018774,-0.001516271,-0.0020463969561580063,84.98999786376955,80.94716647909627,81.06999969482422
2023-07-24,0.03351472046509845,-0.001516271,-0.0020463969561580063,85.55999755859375,82.61463435019868,82.73999786376953
2023-07-25,0.01507004787750887,-0.001516271,-0.0020463969561580063,84.91000366210938,83.51327223870248,83.63999938964844
2023-07-26,0.003371045661986045,-0.001516271,-0.0020463969561580063,83.19999694824219,82.79436192789944,82.91999816894531
2023-07-27,0.010627110764348642,-0.001516271,-0.0020463969561580063,85.13999938964845,84.1123616250934,84.23999786376953
2023-07-28,0.01460050501447082,-0.001516271,-0.0020463969561580063,86.23999786376952,84.86122526254076,84.98999786376953
2023-07-31,-0.0025746208319083388,-0.001516271,-0.0020463969561580063,85.33999633789062,85.43036132228735,85.55999755859375
2023-08-01,0.014730152861768951,-0.001516271,-0.0020463969561580063,86.16999816894531,84.78135226410086,84.91000366210938
2023-08-02,0.05096278244179304,-0.001516271,-0.0020463969561580063,87.55000305175781,83.07393646702621,83.19999694824219
2023-08-03,0.014690740239438109,-0.001516271,-0.0020463969561580063,86.4000015258789,85.0109995135972,85.13999938964844
2023-08-04,0.006587711890230808,-0.001516271,-0.0020463969561580063,86.80999755859375,86.10933132495302,86.23999786376953
2023-08-07,0.010142934754237495,-0.001516271,-0.0020463969561580063,86.20999908447266,85.21069343644922,85.33999633789062
2023-08-08,-0.014965774442380958,-0.001516271,-0.0020463969561580063,84.88999938964844,86.03943769017133,86.16999816894531
2023-08-09,-0.04796248005122635,-0.001516271,-0.0020463969561580063,83.44999694824219,87.41735165848877,87.55000305175781
2023-08-10,-0.026743309985385603,-0.001516271,-0.0020463969561580063,84.12000274658203,86.26909255750252,86.4000015258789
2023-08-11,-0.02342621549458936,-0.001516271,-0.0020463969561580063,84.80000305175781,86.67846738469962,86.80999755859375
2023-08-14,-0.020508130936075678,-0.001516271,-0.0020463969561580063,84.45999908447266,86.0793779983087,86.20999908447266
2023-08-15,-0.010182430146830306,-0.001516271,-0.0020463969561580063,84.02999877929688,84.76137830111475,84.88999938964844
2023-08-16,-0.002880091628221004,-0.001516271,-0.0020463969561580063,83.20999908447266,83.32355767950867,83.44999694824219
2023-08-17,-0.009075798158327198,-0.001516271,-0.0020463969561580063,83.36000061035156,83.99254831851613,84.12000274658203
2023-08-18,-0.0037807190911864,-0.001516271,-0.0020463969561580063,84.4800033569336,84.6715183211818,84.80000305175781
2023-08-21,-0.00047372000149164764,-0.001516271,-0.0020463969561580063,84.41999816894531,84.33202951093153,84.45999908447266
2023-08-22,0.017225521636932806,-0.001516271,-0.0020463969561580063,85.48999786376953,83.90268072074832,84.02999877929688
2023-08-23,0.0313505479953714,-0.001516271,-0.0020463969561580063,85.86000061035155,83.08392344851927,83.20999908447266
2023-08-24,0.041129048806586105,-0.001516271,-0.0020463969561580063,86.86000061035156,83.23369769957571,83.36000061035156
2023-08-25,0.047052538998129695,-0.001516271,-0.0020463969561580063,88.55000305175781,84.35200347391765,84.4800033569336
2023-08-28,0.06444970754200688,-0.001516271,-0.0020463969561580063,90.04000091552734,84.29208920279416,84.41999816894531
2023-08-29,0.05805481115693515,-0.001516271,-0.0020463969561580063,90.5999984741211,85.36046768750566,85.48999786376953
2023-08-30,0.04620229587713001,-0.001516271,-0.0020463969561580063,89.91999816894531,85.72990982440024,85.86000061035156
2023-08-31,0.042708319899982285,-0.001516271,-0.0020463969561580063,90.6500015258789,86.72839467433005,86.86000061035156
2023-09-01,0.023328211293441533,-0.001516271,-0.0020463969561580063,90.63999938964844,88.41583650841858,88.55000305175781
2023-09-05,0.022186485662827687,-0.001516271,-0.0020463969561580063,92.05999755859375,89.90357680182024,90.04000091552734
2023-09-06,0.014029151720750518,-0.001516271,-0.0020463969561580063,91.87999725341797,90.46272588007378,90.5999984741211
2023-09-07,0.041177790892694265,-0.001516271,-0.0020463969561580063,93.69999694824219,89.78375587740811,89.91999816894531
2023-09-08,0.035543873221893514,-0.001516271,-0.0020463969561580063,93.9300003051758,90.51265316970421,90.6500015258789
2023-09-11,0.040963212520793504,-0.001516271,-0.0020463969561580063,94.43000030517578,90.50266618821115,90.63999938964844
2023-09-12,0.024464727168544635,-0.001516271,-0.0020463969561580063,94.33999633789061,91.92051284683112,92.05999755859375
2023-09-13,0.017798879467245322,-0.001516271,-0.0020463969561580063,93.52999877929688,91.74078526913036,91.87999725341797
2023-09-14,-0.004278016112537663,-0.001516271,-0.0020463969561580063,93.30000305175781,93.55802739128922,93.69999694824219
2023-09-15,-0.0070513505081913255,-0.001516271,-0.0020463969561580063,93.2699966430664,93.7876822586204,93.93000030517578
2023-09-18,-0.012145891720097524,-0.001516271,-0.0020463969561580063,93.29000091552734,94.28692468358531,94.43000030517578
2023-09-19,-0.004036088990997656,-0.001516271,-0.0020463969561580063,93.95999908447266,94.1970570858175,94.33999633789062
2023-09-20,0.031778813087580175,-0.001516271,-0.0020463969561580063,96.55000305175781,93.38828679508151,93.52999877929688
2023-09-21,0.0220487435114883,-0.001516271,-0.0020463969561580063,95.37999725341797,93.15863954558517,93.30000305175781
2023-09-22,0.021636234586905185,-0.001516271,-0.0020463969561580063,95.30999755859375,93.128678601106,93.2699966430664
2023-09-25,-0.02804533625269912,-0.001516271,-0.0020463969561580063,90.70999908447266,93.14865256409212,93.29000091552734
2023-09-26,-0.03288917120175574,-0.001516271,-0.0020463969561580063,90.91999816894531,93.81763558526472,93.95999908447266
2023-09-27,-0.11792551911485219,-0.001516271,-0.0020463969561580063,85.80999755859375,96.40371530785706,96.55000305175781
2023-09-28,-0.12621910255668742,-0.001516271,-0.0020463969561580063,84.06999969482422,95.23548224388469,95.37999725341797
2023-09-29,-0.11943685764097554,-0.001516271,-0.0020463969561580063,84.58000183105469,95.165588609103,95.30999755859375
2023-10-02,-0.0286276683800421,-0.001516271,-0.0020463969561580063,88.1500015258789,90.57255982299284,90.70999908447266
2023-10-03,-0.03662835006914162,-0.001516271,-0.0020463969561580063,87.6500015258789,90.78224072733792,90.91999816894531
2023-10-04,0.00011655463965331569,-0.001516271,-0.0020463969561580063,85.81999969482422,85.6799825347698,85.80999755859375
2023-10-05,0.0226975147363223,-0.001516271,-0.0020463969561580063,86.0,83.9426210288857,84.06999969482422
2023-10-06,0.07195212372226906,-0.001516271,-0.0020463969561580063,90.88999938964845,84.45185043534366,84.58000183105469
2023-10-09,0.01687329091763595,-0.001516271,-0.0020463969561580063,89.6500015258789,88.01644104487968,88.1500015258789
2023-10-10,0.025346329674627643,-0.001516271,-0.0020463969561580063,89.9000015258789,87.51719861991478,87.6500015258789
2023-10-11,0.06408689627409533,-0.001516271,-0.0020463969561580063,91.5,85.68996951626286,85.81999969482422
2023-10-12,0.07156317901760208,-0.001516271,-0.0020463969561580063,92.37999725341797,85.86969709396362,86.0
2023-10-13,0.013876259268608613,-0.001516271,-0.0020463969561580063,92.16000366210938,90.7522874006936,90.88999938964844
2023-10-16,0.002005798553127149,-0.001516271,-0.0020463969561580063,89.83000183105469,89.5141683197744,89.6500015258789
2023-10-17,-0.020566009098425545,-0.001516271,-0.0020463969561580063,88.06999969482422,89.76378953225685,89.9000015258789
2023-10-18,-0.015085930186718426,-0.001516271,-0.0020463969561580063,90.12999725341797,91.36136376857758,91.5
2023-10-19,-0.04936942840953163,-0.001516271,-0.0020463969561580063,87.93000030517578,92.24002769409526,92.37999725341797
2023-10-20,-0.018397367774757728,-0.001516271,-0.0020463969561580063,90.4800033569336,92.02036742609198,92.16000366210938
2023-10-23,-0.026851849057232372,-0.001516271,-0.0020463969561580063,87.44999694824219,89.69389589747516,89.83000183105469
2023-10-24,-0.007522214864050807,-0.001516271,-0.0020463969561580063,87.41000366210938,87.93656042860493,88.06999969482422
2023-10-25,-0.06296426086674321,-0.001516271,-0.0020463969561580063,84.62999725341797,89.99343678175319,90.12999725341797
2023-10-26,-0.012358571743593942,-0.001516271,-0.0020463969561580063,86.8499984741211,87.79677315904155,87.93000030517578
2023-10-27,-0.06377257534928718,-0.001516271,-0.0020463969561580063,84.88999938964844,90.3429125734965,90.4800033569336
2023-10-30,-0.026300498489653327,-0.001516271,-0.0020463969561580063,85.18000030517578,87.3174970792279,87.44999694824219
2023-10-31,-0.06865792352813353,-0.001516271,-0.0020463969561580063,81.61000061035156,87.27756438892538,87.41000366210938
2023-11-01,-0.062028729938193514,-0.001516271,-0.0020463969561580063,79.54000091552734,84.50177010713924,84.62999725341797
2023-11-02,-0.0820308215564085,-0.001516271,-0.0020463969561580063,80.01000213623047,86.71840769283699,86.8499984741211
2023-11-03,-0.041612534333218286,-0.001516271,-0.0020463969561580063,81.43000030517578,84.76137830111475,84.88999938964844
2023-11-06,-0.03172602055497585,-0.001516271,-0.0020463969561580063,82.5199966430664,85.05093982173457,85.18000030517578
2023-11-07,0.010482794687014437,-0.001516271,-0.0020463969561580063,82.47000122070312,81.48634921219855,81.61000061035156
2023-11-08,0.020408863880179574,-0.001516271,-0.0020463969561580063,81.18000030517578,79.41948587755724,79.54000091552734
2023-11-09,-0.032906532062999795,-0.001516271,-0.0020463969561580063,77.41999816894531,79.88877497587782,80.01000213623047
2023-11-10,-0.010121040359576788,-0.001516271,-0.0020463969561580063,80.61000061035156,81.30662163449779,81.43000030517578
2023-11-13,-0.0024265597042025747,-0.001516271,-0.0020463969561580063,82.31999969482422,82.39496646436055,82.5199966430664
2023-11-14,-0.0002425936548768842,-0.001516271,-0.0020463969561580063,82.44999694824219,82.34504679256497,82.47000122070312
2023-11-15,0.00956239703028231,-0.001516271,-0.0020463969561580063,81.95999908447266,81.05700042201534,81.18000030517578
2023-11-16,0.040005380988063784,-0.001516271,-0.0020463969561580063,80.58000183105469,77.30269525328549,77.41999816894531
2023-11-17,-0.007846073476335744,-0.001516271,-0.0020463969561580063,79.9800033569336,80.48786436226874,80.61000061035156
2023-11-20,-0.007804910225958981,-0.001516271,-0.0020463969561580063,81.68000030517578,82.19527254150853,82.31999969482422
2023-11-21,0.007852671507270996,-0.001516271,-0.0020463969561580063,83.0999984741211,82.32507282957886,82.44999694824219
2023-11-22,0.010559024516067769,-0.001516271,-0.0020463969561580063,82.83000183105469,81.83581738610701,81.95999908447266
2023-11-24,-0.021322827012012158,-0.001516271,-0.0020463969561580063,78.87999725341797,80.45791103562442,80.58000183105469
2023-11-27,-0.02468329290618774,-0.001516271,-0.0020463969561580063,78.02999877929688,79.8588216492335,79.9800033569336
2023-11-28,-0.05640976009245831,-0.001516271,-0.0020463969561580063,77.19999694824219,81.55624284698024,81.68000030517578
2023-11-29,-0.11193369070227287,-0.001516271,-0.0020463969561580063,74.30000305175781,82.9740895056002,83.0999984741211
2023-11-30,-0.11204975479041872,-0.001516271,-0.0020463969561580063,74.05000305175781,82.70450194796649,82.83000183105469
2023-12-01,-0.039301865815169416,-0.001516271,-0.0020463969561580063,75.83999633789062,78.76048222004283,78.87999725341797
2023-12-04,-0.025965369299847007,-0.001516271,-0.0020463969561580063,76.02999877929688,77.91177162116946,78.02999877929688
2023-12-05,-0.05265772686141639,-0.001516271,-0.0020463969561580063,73.23999786376953,77.08302736744736,77.19999694824219
2023-12-06,-0.0005385152813290185,-0.001516271,-0.0020463969561580063,74.26000213623047,74.18742739691879,74.30000305175781
2023-12-07,0.03398704256979421,-0.001516271,-0.0020463969561580063,76.61000061035156,73.93780618443634,74.05000305175781
2023-12-08,0.0093183523104366,-0.001516271,-0.0020463969561580063,76.55000305175781,75.72508736211603,75.83999633789062
2023-12-11,0.02493957316878872,-0.001516271,-0.0020463969561580063,77.94999694824219,75.91480192130985,76.02999877929688
2023-12-12,0.07861336670785404,-0.001516271,-0.0020463969561580063,79.2300033569336,73.1290282758655,73.23999786376953
2023-12-13,0.07069706998976638,-0.001516271,-0.0020463969561580063,79.69999694824219,74.14748708878142,74.26000213623047
2023-12-14,0.035644783553280934,-0.001516271,-0.0020463969561580063,79.38999938964845,76.4939249625495,76.61000061035156
2023-12-15,0.032389370253376404,-0.001516271,-0.0020463969561580063,79.06999969482422,76.43401830926086,76.55000305175781
2023-12-18,0.03924541888167836,-0.001516271,-0.0020463969561580063,81.06999969482422,77.83189100489471,77.94999694824219
2023-12-19,0.00528699816673101,-0.001516271,-0.0020463969561580063,79.6500015258789,79.10995801178615,79.2300033569336
2023-12-20,-0.01657318709106511,-0.001516271,-0.0020463969561580063,78.38999938964844,79.57923949227188,79.69999694824219
